k_requested,k_actual,k_avail,xfer_k_bytes,xfer_k_ms,rep,step_idx,wall_ms,gpu_ms,gpu_ratio_pct,nvml_gpu_util,nvml_mem_util,cls_pred,text_len
64,64,22477,524288,0.059235841035842896,0,32,1309.1542,1309.0823,99.9945,49,47,1,36
64,64,23153,524288,0.056823715567588806,0,33,1310.7100,1310.6744,99.9973,37,23,1,36
64,64,23829,524288,0.054718926548957825,0,34,1348.5191,1348.4877,99.9977,23,14,1,36
64,64,24505,524288,0.05367584526538849,0,35,1541.0286,1540.9985,99.9980,50,37,1,36
64,64,25181,524288,0.06247125566005707,0,36,1407.9684,1407.9380,99.9978,35,29,1,36
64,64,25857,524288,0.0559687614440918,0,37,1446.0732,1446.0399,99.9977,17,9,1,36
64,64,26533,524288,0.052677467465400696,0,38,1652.5779,1652.5459,99.9981,43,25,1,36
64,64,27209,524288,0.05970895290374756,0,39,1535.3727,1535.3408,99.9979,17,10,1,36
64,64,27885,524288,0.058028846979141235,0,40,1577.1293,1577.0978,99.9980,87,74,1,36
64,64,28561,524288,0.06222352385520935,0,41,1915.5420,1915.5104,99.9983,48,34,1,36
64,64,29237,524288,0.05838647484779358,0,42,1633.5381,1633.5074,99.9981,64,50,1,36
64,64,29913,524288,0.05869567394256592,0,43,1812.0053,1811.9746,99.9983,88,58,1,36
64,64,30589,524288,0.057851895689964294,0,44,1707.8061,1707.7743,99.9981,73,71,1,36
64,64,31265,524288,0.06158463656902313,0,45,1937.7398,1937.7079,99.9984,10,4,1,36
64,64,31941,524288,0.05423836410045624,0,46,1768.7073,1768.6752,99.9982,23,15,1,36
64,64,32617,524288,0.09010732173919678,0,47,2044.9995,2044.9652,99.9983,10,3,1,36
64,64,33293,524288,0.07137656211853027,0,48,2048.6697,2048.6355,99.9983,1,0,1,36
64,64,33969,524288,0.057870522141456604,0,49,2035.1072,2035.0732,99.9983,47,42,1,36
64,64,34645,524288,0.10247528553009033,0,50,2131.4342,2131.3982,99.9983,12,3,1,36
64,64,35321,524288,0.08609890937805176,0,51,1952.1529,1952.1189,99.9983,6,0,1,36
64,64,35997,524288,0.07834285497665405,0,52,2154.1666,2154.1321,99.9984,25,18,1,36
64,64,36673,524288,0.061042606830596924,0,53,2266.2722,2266.2373,99.9985,7,0,1,36
64,64,37349,524288,0.06258487701416016,0,54,2070.1901,2070.1562,99.9984,27,14,1,36
64,64,38025,524288,0.0620819628238678,0,55,2287.6878,2287.6533,99.9985,9,4,1,36
64,64,38701,524288,0.05744770169258118,0,56,2370.2509,2370.2146,99.9985,22,14,1,36
64,64,39377,524288,0.05991943180561066,0,57,2116.2501,2116.2156,99.9984,13,3,1,36
64,64,40053,524288,0.05778484046459198,0,58,2476.0336,2475.9976,99.9985,70,28,1,36
64,64,40729,524288,0.06347708404064178,0,59,2573.0132,2571.9871,99.9601,29,22,1,36
64,64,41405,524288,0.06571412086486816,0,60,2610.5686,2610.5317,99.9986,23,15,1,36
64,64,42081,524288,0.0599641352891922,0,61,2549.2419,2549.2051,99.9986,20,6,1,36
64,64,42757,524288,0.07012113928794861,0,62,2697.4884,2697.4507,99.9986,5,0,1,36
64,64,43433,524288,0.08701160550117493,0,63,2643.1789,2643.1414,99.9986,65,59,1,36
64,64,22477,524288,0.05814060568809509,1,32,1307.1238,1307.0796,99.9966,42,38,1,36
64,64,23153,524288,0.05584023892879486,1,33,1339.5940,1339.5634,99.9977,57,38,1,36
64,64,23829,524288,0.05093589425086975,1,34,1372.5115,1372.4803,99.9977,45,28,1,36
64,64,24505,524288,0.055033713579177856,1,35,1400.2632,1400.2329,99.9978,44,30,1,36
64,64,25181,524288,0.049987807869911194,1,36,1440.9739,1440.9414,99.9977,64,49,1,36
64,64,25857,524288,0.05868636071681976,1,37,1479.0323,1479.0010,99.9979,22,14,1,36
64,64,26533,524288,0.06629154086112976,1,38,1515.1844,1515.1521,99.9979,54,50,1,36
64,64,27209,524288,0.07554516196250916,1,39,1739.9954,1739.9626,99.9981,29,16,1,36
64,64,27885,524288,0.05275756120681763,1,40,1597.4620,1597.4304,99.9980,30,17,1,36
64,64,28561,524288,0.06041117012500763,1,41,1656.7114,1656.6794,99.9981,53,38,1,36
64,64,29237,524288,0.05096942186355591,1,42,1847.5180,1847.4849,99.9982,76,57,1,36
64,64,29913,524288,0.08909404277801514,1,43,1726.1334,1726.1013,99.9981,60,56,1,36
64,64,30589,524288,0.07893145084381104,1,44,1890.1914,1890.1586,99.9983,18,11,1,36
64,64,31265,524288,0.06316415965557098,1,45,1862.2086,1862.1764,99.9983,20,8,1,36
64,64,31941,524288,0.0553671270608902,1,46,1969.7478,1969.7152,99.9983,11,3,1,36
64,64,32617,524288,0.08296966552734375,1,47,2004.5956,2004.5630,99.9984,12,3,1,36
64,64,33293,524288,0.08289515972137451,1,48,2036.4471,2036.4139,99.9984,29,15,1,36
64,64,33969,524288,0.06811507046222687,1,49,2087.0541,2087.0215,99.9984,25,17,1,36
64,64,34645,524288,0.09762123227119446,1,50,2127.6268,2127.5938,99.9984,55,50,1,36
64,64,35321,524288,0.057134777307510376,1,51,2157.4553,2157.4221,99.9985,71,68,1,36
64,64,35997,524288,0.06402097642421722,1,52,2199.8919,2199.8589,99.9985,17,4,1,36
64,64,36673,524288,0.06436929106712341,1,53,2246.3355,2246.3018,99.9985,48,41,1,36
64,64,37349,524288,0.05879811942577362,1,54,2277.2994,2277.2671,99.9986,12,5,1,36
64,64,38025,524288,0.06025098264217377,1,55,2344.6805,2344.6462,99.9985,45,28,1,36
64,64,38701,524288,0.06594695150852203,1,56,2343.7487,2343.7163,99.9986,57,51,1,36
64,64,39377,524288,0.057503581047058105,1,57,2383.2928,2383.2605,99.9986,62,56,1,36
64,64,40053,524288,0.05863793194293976,1,58,2332.7710,2332.7393,99.9986,6,0,1,36
64,64,40729,524288,0.061413273215293884,1,59,2467.5353,2467.5034,99.9987,12,3,1,36
64,64,41405,524288,0.06165541708469391,1,60,2520.0466,2520.0151,99.9988,5,0,1,36
64,64,42081,524288,0.057151541113853455,1,61,2565.4013,2565.3711,99.9988,17,10,1,36
64,64,42757,524288,0.05755573511123657,1,62,2614.2772,2614.2456,99.9988,96,92,1,36
64,64,43433,524288,0.0606682151556015,1,63,2651.6436,2651.6121,99.9988,73,68,1,36
64,64,22477,524288,0.08774735033512115,2,32,1371.2670,1371.2294,99.9973,50,46,1,36
64,64,23153,524288,0.09074248373508453,2,33,1600.9722,1600.9446,99.9983,48,44,1,36
64,64,23829,524288,0.07382407784461975,2,34,1877.4818,1877.4546,99.9986,21,11,1,36
64,64,24505,524288,0.07785297930240631,2,35,1493.8857,1493.8580,99.9981,62,36,1,36
64,64,25181,524288,0.06006844341754913,2,36,1805.5657,1805.5404,99.9986,66,27,1,36
64,64,25857,524288,0.07071532309055328,2,37,1642.4191,1642.3933,99.9984,83,55,1,36
64,64,26533,524288,0.07749907672405243,2,38,1626.6227,1626.5944,99.9983,22,13,1,36
64,64,27209,524288,0.05132891237735748,2,39,1650.3847,1650.3591,99.9985,82,81,1,36
64,64,27885,524288,0.06016343832015991,2,40,1761.8014,1761.7761,99.9986,18,11,1,36
64,64,28561,524288,0.0674370676279068,2,41,2412.6091,2412.5840,99.9990,15,2,1,36
64,64,29237,524288,0.054331496357917786,2,42,2083.2285,2083.2026,99.9988,57,26,1,36
64,64,29913,524288,0.05176849663257599,2,43,1841.1089,1841.0831,99.9986,30,23,1,36
64,64,30589,524288,0.04985928535461426,2,44,2118.5388,2118.5139,99.9988,39,10,1,36
64,64,31265,524288,0.04887022078037262,2,45,1976.9616,1976.9371,99.9988,26,10,1,36
64,64,31941,524288,0.051101669669151306,2,46,2134.1157,2134.0913,99.9989,10,4,1,36
64,64,32617,524288,0.05862116813659668,2,47,2700.2363,2700.2136,99.9992,53,48,1,36
64,64,33293,524288,0.05015917122364044,2,48,2781.7106,2781.6873,99.9992,59,54,1,36
64,64,33969,524288,0.05396455526351929,2,49,3035.3273,3035.3047,99.9993,41,34,1,36
64,64,34645,524288,0.054683536291122437,2,50,2613.8979,2613.8728,99.9990,36,26,1,36
64,64,35321,524288,0.059137120842933655,2,51,3067.7952,3067.7717,99.9992,6,0,1,36
64,64,35997,524288,0.05341880023479462,2,52,3296.4181,3296.3938,99.9993,44,37,1,36
64,64,36673,524288,0.05064718425273895,2,53,3319.4623,3319.4387,99.9993,13,2,1,36
64,64,37349,524288,0.058103352785110474,2,54,3076.0828,3076.0586,99.9992,43,34,1,36
64,64,38025,524288,0.06746873259544373,2,55,3097.4181,3097.3970,99.9993,7,1,1,36
64,64,38701,524288,0.06559863686561584,2,56,3687.0288,3686.9351,99.9975,33,5,1,36
64,64,39377,524288,0.08516386151313782,2,57,3262.3587,3262.2664,99.9972,20,12,1,36
64,64,40053,524288,0.06917864084243774,2,58,2953.6894,2953.6033,99.9971,28,3,1,36
64,64,40729,524288,0.054780393838882446,2,59,3120.1084,3120.0208,99.9972,7,0,1,36
64,64,41405,524288,0.05866400897502899,2,60,3921.8993,3921.7949,99.9973,23,13,1,36
64,64,42081,524288,0.05930289626121521,2,61,3800.0930,3799.9922,99.9973,97,81,1,36
64,64,42757,524288,0.055419281125068665,2,62,4176.8822,4176.7739,99.9974,17,10,1,36
64,64,43433,524288,0.05981139838695526,2,63,2731.7865,2731.7070,99.9971,52,38,1,36
128,128,22477,1048576,0.06454065442085266,0,32,1720.5831,1720.5028,99.9953,28,6,1,29
128,128,23153,1048576,0.0640973448753357,0,33,2304.2482,2304.1792,99.9970,75,22,1,27
128,128,23829,1048576,0.08293613791465759,0,34,2327.0634,2326.9937,99.9970,45,12,1,27
128,128,24505,1048576,0.06324611604213715,0,35,1998.5547,1998.4915,99.9968,87,71,1,27
128,128,25181,1048576,0.07110647857189178,0,36,2588.9860,2588.9136,99.9972,74,71,1,27
128,128,25857,1048576,0.07594563066959381,0,37,2832.5454,2832.4688,99.9973,59,53,1,27
128,128,26533,1048576,0.08273310959339142,0,38,2804.5141,2804.4370,99.9973,65,53,1,27
128,128,27209,1048576,0.07533468306064606,0,39,2908.2515,2908.1733,99.9973,17,7,1,27
128,128,27885,1048576,0.08157454431056976,0,40,2887.4129,2887.3335,99.9973,99,52,1,27
128,128,28561,1048576,0.06416253745555878,0,41,1857.3228,1857.2623,99.9967,29,21,1,27
128,128,29237,1048576,0.08750148117542267,0,42,3614.2491,3614.1553,99.9974,22,13,1,27
128,128,29913,1048576,0.09080395102500916,0,43,2572.2388,2572.1653,99.9971,37,26,1,27
128,128,30589,1048576,0.06796792149543762,0,44,3285.5580,3285.4749,99.9975,17,2,1,27
128,128,31265,1048576,0.10309740900993347,0,45,3221.7924,3221.7107,99.9975,19,2,1,27
128,128,31941,1048576,0.07095374166965485,0,46,3243.3296,3243.2446,99.9974,60,42,1,27
128,128,32617,1048576,0.06599724292755127,0,47,3279.2539,3279.1719,99.9975,23,13,1,27
128,128,33293,1048576,0.06546452641487122,0,48,3338.2139,3338.1321,99.9975,45,29,1,27
128,128,33969,1048576,0.06583146750926971,0,49,3384.7461,3384.6636,99.9976,40,9,1,27
128,128,34645,1048576,0.06811507046222687,0,50,3445.5592,3445.4756,99.9976,31,16,1,27
128,128,35321,1048576,0.06354786455631256,0,51,3512.7587,3512.6748,99.9976,24,3,1,27
128,128,35997,1048576,0.07261335849761963,0,52,3878.5692,3878.4802,99.9977,27,15,1,27
128,128,36673,1048576,0.06356090307235718,0,53,3629.8204,3629.7349,99.9976,13,6,1,27
128,128,37349,1048576,0.06235204637050629,0,54,3656.9393,3656.8528,99.9976,16,3,1,27
128,128,38025,1048576,0.06477348506450653,0,55,3712.9516,3712.8662,99.9977,97,79,1,27
128,128,38701,1048576,0.06384588778018951,0,56,3699.6535,3699.5674,99.9977,68,46,1,27
128,128,39377,1048576,0.06422773003578186,0,57,3733.3353,3733.2493,99.9977,95,71,1,27
128,128,40053,1048576,0.08734874427318573,0,58,3796.0822,3795.9922,99.9976,94,71,1,27
128,128,40729,1048576,0.06652995944023132,0,59,3845.3083,3845.2207,99.9977,69,48,1,27
128,128,41405,1048576,0.07173977792263031,0,60,3903.4352,3903.3479,99.9978,20,11,1,27
128,128,42081,1048576,0.07869116961956024,0,61,4027.5751,4027.4834,99.9977,98,67,1,27
128,128,42757,1048576,0.06706453859806061,0,62,3997.2960,3997.2070,99.9978,10,4,1,27
128,128,43433,1048576,0.08989870548248291,0,63,4054.8582,4054.7678,99.9978,75,44,1,27
128,128,22477,1048576,0.062230974435806274,1,32,2101.8117,2101.7410,99.9966,56,15,1,29
128,128,23153,1048576,0.06456859409809113,1,33,2177.4692,2177.4126,99.9974,45,12,1,27
128,128,23829,1048576,0.06366521120071411,1,34,2222.2985,2222.2412,99.9974,55,16,1,27
128,128,24505,1048576,0.06625615060329437,1,35,2680.9647,2680.9006,99.9976,91,27,1,27
128,128,25181,1048576,0.06303563714027405,1,36,2485.4802,2485.4175,99.9975,41,10,1,27
128,128,25857,1048576,0.06393902003765106,1,37,2362.4323,2362.3687,99.9973,24,4,1,27
128,128,26533,1048576,0.06506405770778656,1,38,2416.9837,2416.9241,99.9975,84,74,1,27
128,128,27209,1048576,0.06573647260665894,1,39,2508.5551,2508.4939,99.9976,33,23,1,27
128,128,27885,1048576,0.0628158450126648,1,40,2599.4883,2599.4265,99.9976,33,22,1,27
128,128,28561,1048576,0.064140185713768,1,41,2869.8705,2869.8049,99.9977,88,77,1,27
128,128,29237,1048576,0.06476975977420807,1,42,2719.4918,2719.4292,99.9977,33,22,1,27
128,128,29913,1048576,0.06664544343948364,1,43,2811.5502,2811.4878,99.9978,28,17,1,27
128,128,30589,1048576,0.06345845758914948,1,44,2855.5004,2855.4365,99.9978,87,76,1,27
128,128,31265,1048576,0.06486475467681885,1,45,2989.1509,2989.0852,99.9978,7,1,1,27
128,128,31941,1048576,0.0654999166727066,1,46,3406.8002,3406.7288,99.9979,13,2,1,27
128,128,32617,1048576,0.0635739415884018,1,47,3018.2973,3018.2307,99.9978,85,65,1,27
128,128,33293,1048576,0.06366521120071411,1,48,3147.2845,3147.2117,99.9977,13,6,1,27
128,128,33969,1048576,0.06690248847007751,1,49,3233.3828,3233.3147,99.9979,9,1,1,27
128,128,34645,1048576,0.06372667849063873,1,50,3429.4940,3429.4226,99.9979,71,53,1,27
128,128,35321,1048576,0.06380118429660797,1,51,3489.5823,3489.5115,99.9980,30,16,1,27
128,128,35997,1048576,0.07351860404014587,1,52,3557.9277,3557.8560,99.9980,49,30,1,27
128,128,36673,1048576,0.07439590990543365,1,53,3635.0031,3634.9294,99.9980,30,16,1,27
128,128,37349,1048576,0.09308010339736938,1,54,3676.6862,3676.6118,99.9980,7,0,1,27
128,128,38025,1048576,0.06823614239692688,1,55,3732.5047,3732.4302,99.9980,23,13,1,27
128,128,38701,1048576,0.06697513163089752,1,56,3697.2811,3697.2083,99.9980,19,3,1,27
128,128,39377,1048576,0.08190423250198364,1,57,3751.3437,3751.2683,99.9980,6,0,1,27
128,128,40053,1048576,0.07175467908382416,1,58,3815.4864,3815.4111,99.9980,11,1,1,27
128,128,40729,1048576,0.06547942757606506,1,59,3852.6456,3852.5715,99.9981,25,3,1,27
128,128,41405,1048576,0.06281211972236633,1,60,3897.5459,3897.4697,99.9980,6,0,1,27
128,128,42081,1048576,0.06383843719959259,1,61,3981.9593,3981.8831,99.9981,16,7,1,27
128,128,42757,1048576,0.09331107139587402,1,62,4114.6677,4114.5903,99.9981,53,24,1,27
128,128,43433,1048576,0.06425566971302032,1,63,4133.3159,4133.2397,99.9982,82,50,1,27
128,128,22477,1048576,0.06415322422981262,2,32,2115.8385,2115.7710,99.9968,52,15,1,29
128,128,23153,1048576,0.0637546181678772,2,33,2180.2911,2180.2390,99.9976,39,12,1,27
128,128,23829,1048576,0.06812624633312225,2,34,2234.5168,2234.4653,99.9977,56,16,1,27
128,128,24505,1048576,0.0645369291305542,2,35,2300.6378,2300.5847,99.9977,25,12,1,27
128,128,25181,1048576,0.06353668868541718,2,36,2352.0667,2352.0149,99.9978,36,27,1,27
128,128,25857,1048576,0.06299465894699097,2,37,2402.3966,2402.3416,99.9977,33,23,1,27
128,128,26533,1048576,0.06347522139549255,2,38,2479.2909,2479.2371,99.9978,27,4,1,27
128,128,27209,1048576,0.0661611557006836,2,39,2748.0445,2747.9883,99.9980,26,16,1,27
128,128,27885,1048576,0.1043025404214859,2,40,2737.9711,2737.9128,99.9979,67,21,1,27
128,128,28561,1048576,0.08016824722290039,2,41,2691.0961,2691.0383,99.9979,17,2,1,27
128,128,29237,1048576,0.07366761565208435,2,42,2776.5012,2776.4443,99.9980,13,3,1,27
128,128,29913,1048576,0.08568912744522095,2,43,3071.4954,3071.4351,99.9980,39,8,1,27
128,128,30589,1048576,0.06392411887645721,2,44,2842.1006,2842.0430,99.9980,59,18,1,27
128,128,31265,1048576,0.06975606083869934,2,45,3085.7037,3085.6438,99.9981,9,2,1,27
128,128,31941,1048576,0.0676177442073822,2,46,3106.6945,3106.6345,99.9981,49,12,1,27
128,128,32617,1048576,0.06462447345256805,2,47,3160.2490,3160.1902,99.9981,62,46,1,27
128,128,33293,1048576,0.06407126784324646,2,48,3205.8240,3205.7639,99.9981,58,40,1,27
128,128,33969,1048576,0.06546452641487122,2,49,3192.9906,3192.9309,99.9981,60,42,1,27
128,128,34645,1048576,0.06280094385147095,2,50,3291.2736,3291.2122,99.9981,14,7,1,27
128,128,35321,1048576,0.06314925849437714,2,51,3440.7276,3440.6660,99.9982,82,65,1,27
128,128,35997,1048576,0.06421096622943878,2,52,3668.2781,3668.2146,99.9983,51,33,1,27
128,128,36673,1048576,0.06303749978542328,2,53,3440.3453,3440.2837,99.9982,33,17,1,27
128,128,37349,1048576,0.06406940519809723,2,54,4150.4742,4150.4058,99.9984,50,32,1,27
128,128,38025,1048576,0.06347894668579102,2,55,3523.8339,3523.7722,99.9983,81,64,1,27
128,128,38701,1048576,0.06362795829772949,2,56,3592.0920,3592.0298,99.9983,7,0,1,27
128,128,39377,1048576,0.0633876770734787,2,57,3673.9534,3673.8906,99.9983,48,30,1,27
128,128,40053,1048576,0.06363540887832642,2,58,3676.7487,3676.6863,99.9983,14,7,1,27
128,128,40729,1048576,0.06315484642982483,2,59,4095.2596,4095.1938,99.9984,55,38,1,27
128,128,41405,1048576,0.06457604467868805,2,60,3709.9253,3709.8616,99.9983,6,0,1,27
128,128,42081,1048576,0.06274692714214325,2,61,3850.1759,3850.1123,99.9983,7,0,1,27
128,128,42757,1048576,0.06267242133617401,2,62,3890.1884,3890.1252,99.9984,38,15,1,27
128,128,43433,1048576,0.08601881563663483,2,63,3993.1350,3993.0676,99.9983,35,15,1,27
256,256,22477,2097152,0.10604970157146454,0,32,2278.5826,2278.5227,99.9974,75,55,1,29
256,256,23153,2097152,0.10453537106513977,0,33,2322.7057,2322.6575,99.9979,26,10,1,27
256,256,23829,2097152,0.10655820369720459,0,34,2678.6925,2678.6411,99.9981,72,52,1,27
256,256,24505,2097152,0.1054033637046814,0,35,2313.8702,2313.8213,99.9979,21,7,1,27
256,256,25181,2097152,0.10604970157146454,0,36,2357.6793,2357.6321,99.9980,29,16,1,27
256,256,25857,2097152,0.10756216943264008,0,37,2385.8874,2385.8408,99.9980,37,21,1,27
256,256,26533,2097152,0.11770986020565033,0,38,2389.0780,2389.0303,99.9980,42,24,1,27
256,256,27209,2097152,0.10585598647594452,0,39,2588.8391,2588.7898,99.9981,40,24,1,27
256,256,27885,2097152,0.10586902499198914,0,40,2435.7773,2435.7302,99.9981,20,11,1,27
256,256,28561,2097152,0.10491907596588135,0,41,2498.1886,2498.1404,99.9981,68,49,1,27
256,256,29237,2097152,0.10601431131362915,0,42,3179.3771,3179.3242,99.9983,28,3,1,27
256,256,29913,2097152,0.10577961802482605,0,43,3308.2558,3308.2012,99.9983,29,15,1,27
256,256,30589,2097152,0.10383501648902893,0,44,3243.8546,3243.8005,99.9983,17,2,1,27
256,256,31265,2097152,0.11127442121505737,0,45,3237.1520,3237.0984,99.9983,20,3,1,27
256,256,31941,2097152,0.11295825242996216,0,46,2968.1206,2968.0693,99.9983,10,1,1,27
256,256,32617,2097152,0.10389275848865509,0,47,3409.2302,3409.1731,99.9983,15,2,1,27
256,256,33293,2097152,0.10505318641662598,0,48,3301.5228,3301.4685,99.9984,51,19,1,27
256,256,33969,2097152,0.10561197996139526,0,49,3337.9368,3337.8821,99.9984,29,4,1,27
256,256,34645,2097152,0.10427087545394897,0,50,3978.4242,3978.3638,99.9985,20,3,1,27
256,256,35321,2097152,0.10762922465801239,0,51,3769.9621,3769.9019,99.9984,15,2,1,27
256,256,35997,2097152,0.1074858009815216,0,52,3236.0138,3235.9600,99.9983,19,3,1,27
256,256,36673,2097152,0.11406652629375458,0,53,3438.3089,3438.2478,99.9982,38,5,1,27
256,256,37349,2097152,0.10699406266212463,0,54,3575.9089,3575.8538,99.9985,56,27,1,27
256,256,38025,2097152,0.10854005813598633,0,55,3610.0623,3610.0068,99.9985,54,23,1,27
256,256,38701,2097152,0.11577270925045013,0,56,3348.2162,3348.1609,99.9983,71,41,1,27
256,256,39377,2097152,0.12352876365184784,0,57,3795.9028,3795.8474,99.9985,69,39,1,27
256,256,40053,2097152,0.10746903717517853,0,58,3724.6364,3724.5798,99.9985,98,63,1,27
256,256,40729,2097152,0.115223228931427,0,59,4169.7747,4169.7158,99.9986,26,12,1,27
256,256,41405,2097152,0.12778490781784058,0,60,4015.5084,4015.4468,99.9985,98,63,1,27
256,256,42081,2097152,0.11620298027992249,0,61,3585.9035,3585.8489,99.9985,23,9,1,27
256,256,42757,2097152,0.10613538324832916,0,62,3793.5944,3793.5371,99.9985,25,10,1,27
256,256,43433,2097152,0.1165829598903656,0,63,4310.3840,4310.3223,99.9986,69,26,1,27
256,256,22477,2097152,0.11109188199043274,1,32,2173.3324,2173.2773,99.9975,55,15,1,29
256,256,23153,2097152,0.11394917964935303,1,33,2494.3064,2494.2629,99.9983,36,18,1,27
256,256,23829,2097152,0.106053426861763,1,34,2328.6428,2328.6001,99.9982,65,21,1,27
256,256,24505,2097152,0.10514631867408752,1,35,2809.4920,2809.4446,99.9983,75,25,1,27
256,256,25181,2097152,0.10573677718639374,1,36,2150.2818,2150.2402,99.9981,52,19,1,27
256,256,25857,2097152,0.10417401790618896,1,37,2383.6407,2383.5967,99.9982,76,57,1,27
256,256,26533,2097152,0.10862015187740326,1,38,2901.4294,2901.3813,99.9983,99,38,1,27
256,256,27209,2097152,0.10644644498825073,1,39,2522.3284,2522.2839,99.9982,66,44,1,27
256,256,27885,2097152,0.10862015187740326,1,40,2609.6713,2609.6274,99.9983,59,37,1,27
256,256,28561,2097152,0.11706352233886719,1,41,2655.3824,2655.3369,99.9983,31,16,1,27
256,256,29237,2097152,0.10798312723636627,1,42,2643.7020,2643.6575,99.9983,12,5,1,27
256,256,29913,2097152,0.10925531387329102,1,43,3125.8517,3125.8040,99.9985,39,21,1,27
256,256,30589,2097152,0.11071749031543732,1,44,3534.3368,3534.2854,99.9985,63,44,1,27
256,256,31265,2097152,0.1059453934431076,1,45,2872.6106,2872.5654,99.9984,35,15,1,27
256,256,31941,2097152,0.10542571544647217,1,46,3117.0811,3117.0330,99.9985,78,44,1,27
256,256,32617,2097152,0.1111011952161789,1,47,3294.9017,3294.8516,99.9985,32,13,1,27
256,256,33293,2097152,0.10721012949943542,1,48,3168.4264,3168.3782,99.9985,51,17,1,27
256,256,33969,2097152,0.10717473924160004,1,49,3296.4175,3296.3694,99.9985,12,2,1,27
256,256,34645,2097152,0.10598823428153992,1,50,3403.5979,3403.5483,99.9985,12,2,1,27
256,256,35321,2097152,0.10969862341880798,1,51,3506.4624,3506.4128,99.9986,35,14,1,27
256,256,35997,2097152,0.10522827506065369,1,52,3479.9152,3479.8662,99.9986,6,0,1,27
256,256,36673,2097152,0.1050066202878952,1,53,3430.4380,3430.3892,99.9986,19,3,1,27
256,256,37349,2097152,0.10587088763713837,1,54,3950.6148,3950.5623,99.9987,6,0,1,27
256,256,38025,2097152,0.10426901280879974,1,55,3739.2756,3739.2231,99.9986,97,71,1,27
256,256,38701,2097152,0.10530278086662292,1,56,3524.2831,3524.2339,99.9986,53,25,1,27
256,256,39377,2097152,0.10850280523300171,1,57,4193.4101,4193.3564,99.9987,53,25,1,27
256,256,40053,2097152,0.10526366531848907,1,58,3736.1981,3736.1470,99.9986,82,49,1,27
256,256,40729,2097152,0.1065768301486969,1,59,4246.5442,4246.4897,99.9987,55,27,1,27
256,256,41405,2097152,0.10564178228378296,1,60,3716.9710,3716.9209,99.9987,93,60,1,27
256,256,42081,2097152,0.10528974235057831,1,61,3829.3862,3829.3350,99.9987,83,44,1,27
256,256,42757,2097152,0.12893415987491608,1,62,4038.1829,4038.1301,99.9987,66,26,1,27
256,256,43433,2097152,0.10648369789123535,1,63,3911.8741,3911.8208,99.9986,98,57,1,27
256,256,22477,2097152,0.10581128299236298,2,32,2214.5690,2214.5164,99.9976,36,7,1,29
256,256,23153,2097152,0.10586902499198914,2,33,2493.6854,2493.6438,99.9983,82,22,1,27
256,256,23829,2097152,0.10562688112258911,2,34,2207.3109,2207.2656,99.9980,87,19,1,27
256,256,24505,2097152,0.10615028440952301,2,35,2169.4306,2169.3914,99.9982,68,23,1,27
256,256,25181,2097152,0.1047234982252121,2,36,2220.6726,2220.6333,99.9982,37,23,1,27
256,256,25857,2097152,0.10671652853488922,2,37,2876.1465,2876.1035,99.9985,97,70,1,27
256,256,26533,2097152,0.10669976472854614,2,38,2705.4791,2705.4355,99.9984,49,29,1,27
256,256,27209,2097152,0.1074615865945816,2,39,3008.7232,3008.6797,99.9986,37,21,1,27
256,256,27885,2097152,0.10593608021736145,2,40,3037.0938,3037.0498,99.9986,18,8,1,27
256,256,28561,2097152,0.10662712156772614,2,41,2748.3365,2748.2937,99.9984,38,23,1,27
256,256,29237,2097152,0.10512396693229675,2,42,2797.3718,2797.3286,99.9985,40,23,1,27
256,256,29913,2097152,0.10486692190170288,2,43,2619.1435,2619.0962,99.9982,32,17,1,27
256,256,30589,2097152,0.10685808956623077,2,44,2895.2959,2895.2522,99.9985,28,4,1,27
256,256,31265,2097152,0.1047234982252121,2,45,3179.4918,3179.4468,99.9986,15,2,1,27
256,256,31941,2097152,0.10580569505691528,2,46,3415.0761,3415.0293,99.9986,19,3,1,27
256,256,32617,2097152,0.1055598258972168,2,47,3160.0165,3159.9727,99.9986,12,5,1,27
256,256,33293,2097152,0.10493211448192596,2,48,3089.7299,3089.6853,99.9986,39,9,1,27
256,256,33969,2097152,0.10455027222633362,2,49,3614.6633,3614.6116,99.9986,45,19,1,27
256,256,34645,2097152,0.10360404849052429,2,50,3217.5356,3217.4910,99.9986,40,16,1,27
256,256,35321,2097152,0.11238828301429749,2,51,3456.4827,3456.4370,99.9987,14,6,1,27
256,256,35997,2097152,0.10485947132110596,2,52,3707.9386,3707.8916,99.9987,59,23,1,27
256,256,36673,2097152,0.10744109749794006,2,53,3796.2451,3796.1980,99.9988,59,24,1,27
256,256,37349,2097152,0.1051090657711029,2,54,3851.3171,3851.2703,99.9988,97,68,1,27
256,256,38025,2097152,0.1050848513841629,2,55,3901.6624,3901.6133,99.9987,73,37,1,27
256,256,38701,2097152,0.10628439486026764,2,56,3921.5084,3921.4597,99.9988,98,59,1,27
256,256,39377,2097152,0.10428205132484436,2,57,3910.2149,3910.1646,99.9987,52,20,1,27
256,256,40053,2097152,0.10623224079608917,2,58,3964.3295,3964.2803,99.9988,65,31,1,27
256,256,40729,2097152,0.10619126260280609,2,59,4008.2548,4008.2039,99.9987,61,26,1,27
256,256,41405,2097152,0.10463781654834747,2,60,4031.1900,4031.1404,99.9988,44,17,1,27
256,256,42081,2097152,0.10489299893379211,2,61,4082.8877,4082.8381,99.9988,98,53,1,27
256,256,42757,2097152,0.10406970977783203,2,62,4131.0287,4130.9780,99.9988,39,13,1,27
256,256,43433,2097152,0.1055002212524414,2,63,4175.6241,4175.5723,99.9988,48,15,1,27
512,512,22477,4194304,0.18305703997612,0,32,2197.8714,2197.8193,99.9976,44,12,1,29
512,512,23153,4194304,0.18264912068843842,0,33,2245.4077,2245.3696,99.9983,54,20,1,29
512,512,23829,4194304,0.18363259732723236,0,34,2319.7143,2319.6758,99.9983,95,50,1,27
512,512,24505,4194304,0.1835320144891739,0,35,2355.3946,2355.3540,99.9983,98,60,1,27
512,512,25181,4194304,0.18306449055671692,0,36,2424.8196,2424.7783,99.9983,98,54,1,27
512,512,25857,4194304,0.18422678112983704,0,37,2651.6019,2651.5605,99.9984,99,20,1,27
512,512,26533,4194304,0.1917332410812378,0,38,2524.8464,2524.8062,99.9984,98,56,1,27
512,512,27209,4194304,0.18307939171791077,0,39,2581.1828,2581.1431,99.9985,98,60,1,27
512,512,27885,4194304,0.18372014164924622,0,40,2670.6946,2670.6531,99.9984,76,34,1,27
512,512,28561,4194304,0.18275529146194458,0,41,3097.4805,3097.4382,99.9986,30,12,1,27
512,512,29237,4194304,0.1843925565481186,0,42,3087.8968,3087.8538,99.9986,80,36,1,27
512,512,29913,4194304,0.1850668340921402,0,43,2819.9067,2819.8657,99.9985,67,25,1,27
512,512,30589,4194304,0.18310174345970154,0,44,2926.5776,2926.5364,99.9986,98,50,1,27
512,512,31265,4194304,0.18306449055671692,0,45,3285.0259,3284.9829,99.9987,75,22,1,27
512,512,31941,4194304,0.1834183931350708,0,46,3331.5660,3331.5220,99.9987,99,41,1,27
512,512,32617,4194304,0.1831836998462677,0,47,3374.9112,3374.8679,99.9987,19,8,1,27
512,512,33293,4194304,0.18316879868507385,0,48,3434.0980,3434.0540,99.9987,97,37,1,27
512,512,33969,4194304,0.18377043306827545,0,49,3495.2802,3495.2373,99.9988,52,15,1,27
512,512,34645,4194304,0.1828949898481369,0,50,3543.6392,3543.5950,99.9988,76,20,1,27
512,512,35321,4194304,0.18214061856269836,0,51,3592.0323,3591.9875,99.9988,74,20,1,27
512,512,35997,4194304,0.18402189016342163,0,52,3731.5515,3731.5054,99.9988,14,5,1,27
512,512,36673,4194304,0.1842360943555832,0,53,3720.5221,3720.4771,99.9988,44,14,1,27
512,512,37349,4194304,0.18481723964214325,0,54,3790.6439,3790.5996,99.9988,47,15,1,27
512,512,38025,4194304,0.18586590886116028,0,55,3839.7786,3839.7327,99.9988,25,10,1,27
512,512,38701,4194304,0.18272548913955688,0,56,3805.4396,3805.3955,99.9988,21,8,1,27
512,512,39377,4194304,0.18251687288284302,0,57,3852.8755,3852.8296,99.9988,88,29,1,27
512,512,40053,4194304,0.1816321164369583,0,58,3897.2813,3897.2341,99.9988,98,55,1,27
512,512,40729,4194304,0.19045919179916382,0,59,3935.3188,3935.2715,99.9988,66,19,1,27
512,512,41405,4194304,0.18440745770931244,0,60,3972.1443,3972.0981,99.9988,77,21,1,27
512,512,42081,4194304,0.18308311700820923,0,61,4034.9544,4034.9072,99.9988,63,17,1,27
512,512,42757,4194304,0.18362142145633698,0,62,4230.9910,4230.9438,99.9989,98,56,1,27
512,512,43433,4194304,0.18494576215744019,0,63,4114.9656,4114.9194,99.9989,84,21,1,27
512,512,22477,4194304,0.1831408590078354,1,32,2222.5493,2222.5015,99.9978,39,14,1,29
512,512,23153,4194304,0.18348172307014465,1,33,2204.1784,2204.1428,99.9984,37,13,1,29
512,512,23829,4194304,0.18479116261005402,1,34,2280.6647,2280.6277,99.9984,34,7,1,27
512,512,24505,4194304,0.18295086920261383,1,35,2367.5048,2367.4683,99.9985,23,5,1,27
512,512,25181,4194304,0.18376484513282776,1,36,2509.9061,2509.8694,99.9985,50,16,1,27
512,512,25857,4194304,0.18289126455783844,1,37,2456.5790,2456.5425,99.9985,98,66,1,27
512,512,26533,4194304,0.1849774271249771,1,38,2542.3082,2542.2715,99.9986,51,16,1,27
512,512,27209,4194304,0.1826602965593338,1,39,2769.0206,2768.9817,99.9986,57,20,1,27
512,512,27885,4194304,0.18271058797836304,1,40,2626.4713,2626.4353,99.9986,46,16,1,27
512,512,28561,4194304,0.18440186977386475,1,41,2698.1436,2698.1064,99.9986,92,47,1,27
512,512,29237,4194304,0.18377043306827545,1,42,3243.8765,3243.8374,99.9988,67,26,1,27
512,512,29913,4194304,0.18265098333358765,1,43,2802.9524,2802.9131,99.9986,65,24,1,27
512,512,30589,4194304,0.18768012523651123,1,44,2958.4448,2958.4053,99.9987,93,41,1,27
512,512,31265,4194304,0.18787570297718048,1,45,3015.0319,3014.9932,99.9987,73,31,1,27
512,512,31941,4194304,0.1828894019126892,1,46,3142.7579,3142.7153,99.9986,14,5,1,27
512,512,32617,4194304,0.18759071826934814,1,47,3277.7767,3277.7363,99.9988,71,20,1,27
512,512,33293,4194304,0.18684938549995422,1,48,3344.1201,3344.0798,99.9988,97,41,1,27
512,512,33969,4194304,0.18369406461715698,1,49,3309.1108,3309.0674,99.9987,38,13,1,27
512,512,34645,4194304,0.18360093235969543,1,50,3421.4512,3421.4119,99.9988,35,12,1,27
512,512,35321,4194304,0.18313713371753693,1,51,3517.2494,3517.2092,99.9989,86,20,1,27
512,512,35997,4194304,0.1835506409406662,1,52,3875.3979,3875.3567,99.9989,39,13,1,27
512,512,36673,4194304,0.18301606178283691,1,53,3947.7961,3947.7546,99.9990,58,17,1,27
512,512,37349,4194304,0.18573924899101257,1,54,3712.5295,3712.4880,99.9989,6,0,1,27
512,512,38025,4194304,0.18339231610298157,1,55,3754.5595,3754.5188,99.9989,20,8,1,27
512,512,38701,4194304,0.1828894019126892,1,56,3731.3726,3731.3323,99.9989,97,66,1,27
512,512,39377,4194304,0.1848265528678894,1,57,3847.8673,3847.8262,99.9989,98,48,1,27
512,512,40053,4194304,0.18337741494178772,1,58,3872.9819,3872.9402,99.9989,85,28,1,27
512,512,40729,4194304,0.18277578055858612,1,59,3932.7699,3932.7278,99.9989,99,43,1,27
512,512,41405,4194304,0.19323453307151794,1,60,3975.0705,3975.0291,99.9990,98,49,1,27
512,512,42081,4194304,0.18374063074588776,1,61,4035.6277,4035.5840,99.9989,99,37,1,27
512,512,42757,4194304,0.18504448235034943,1,62,4093.1794,4093.1365,99.9990,70,17,1,27
512,512,43433,4194304,0.18394552171230316,1,63,4417.2537,4417.2090,99.9990,56,15,1,27
512,512,22477,4194304,0.18987618386745453,2,32,2228.5114,2228.4597,99.9977,29,7,1,29
512,512,23153,4194304,0.1949407160282135,2,33,2313.7007,2313.6665,99.9985,97,73,1,29
512,512,23829,4194304,0.18434599041938782,2,34,2335.3366,2335.3005,99.9985,65,25,1,27
512,512,24505,4194304,0.18905848264694214,2,35,2445.8663,2445.8308,99.9985,97,76,1,27
512,512,25181,4194304,0.18313154578208923,2,36,2559.5782,2559.5417,99.9986,53,18,1,27
512,512,25857,4194304,0.1847967505455017,2,37,2656.1077,2656.0710,99.9986,26,10,1,27
512,512,26533,4194304,0.18397346138954163,2,38,3342.0889,3342.0508,99.9989,59,18,1,27
512,512,27209,4194304,0.18348172307014465,2,39,2614.1915,2614.1553,99.9986,49,16,1,27
512,512,27885,4194304,0.18296390771865845,2,40,2710.9093,2710.8733,99.9987,87,43,1,27
512,512,28561,4194304,0.1842975616455078,2,41,3096.7328,3096.6938,99.9987,100,11,1,27
512,512,29237,4194304,0.18286705017089844,2,42,3035.9463,3035.9072,99.9987,21,9,1,27
512,512,29913,4194304,0.18431618809700012,2,43,2897.2044,2897.1680,99.9987,69,27,1,27
512,512,30589,4194304,0.18456391990184784,2,44,3275.1398,3275.1011,99.9988,31,12,1,27
512,512,31265,4194304,0.1826956868171692,2,45,3021.4848,3021.4473,99.9988,27,11,1,27
512,512,31941,4194304,0.18621422350406647,2,46,3088.9977,3088.9609,99.9988,74,26,1,27
512,512,32617,4194304,0.18301606178283691,2,47,3155.0590,3155.0220,99.9988,9,1,1,27
512,512,33293,4194304,0.1831408590078354,2,48,3209.2908,3209.2544,99.9989,14,2,1,27
512,512,33969,4194304,0.18301606178283691,2,49,3243.2379,3243.2004,99.9988,64,19,1,27
512,512,34645,4194304,0.18448755145072937,2,50,3780.7426,3780.7043,99.9990,71,22,1,27
512,512,35321,4194304,0.18298812210559845,2,51,3466.7890,3466.7507,99.9989,45,15,1,27
512,512,35997,4194304,0.18291175365447998,2,52,3864.6901,3864.6514,99.9990,14,5,1,27
512,512,36673,4194304,0.18358789384365082,2,53,3683.8590,3683.8201,99.9989,65,18,1,27
512,512,37349,4194304,0.181661918759346,2,54,3763.3638,3763.3237,99.9989,88,26,1,27
512,512,38025,4194304,0.18225237727165222,2,55,4016.6428,4016.6023,99.9990,80,20,1,27
512,512,38701,4194304,0.18306449055671692,2,56,3965.9595,3965.9194,99.9990,90,29,1,27
512,512,39377,4194304,0.18351711332798004,2,57,4012.9058,4012.8650,99.9990,82,23,1,27
512,512,40053,4194304,0.1837015151977539,2,58,4131.7414,4131.7007,99.9990,99,39,1,27
512,512,40729,4194304,0.1828521490097046,2,59,4169.1567,4169.1162,99.9990,99,46,1,27
512,512,41405,4194304,0.18263235688209534,2,60,4130.9222,4130.8799,99.9990,57,17,1,27
512,512,42081,4194304,0.18390268087387085,2,61,4209.7539,4209.7134,99.9990,61,15,1,27
512,512,42757,4194304,0.18400512635707855,2,62,4235.4782,4235.4351,99.9990,98,47,1,27
512,512,43433,4194304,0.18508359789848328,2,63,4274.5175,4274.4756,99.9990,99,28,1,27
1024,1024,22477,8388608,0.33652782440185547,0,32,2322.5203,2322.4675,99.9977,34,11,1,35
1024,1024,23153,8388608,0.33921562135219574,0,33,2423.3602,2423.3245,99.9985,100,19,1,35
1024,1024,23829,8388608,0.33969804644584656,0,34,2433.2648,2433.2288,99.9985,97,23,1,35
1024,1024,24505,8388608,0.3427397459745407,0,35,2527.8591,2527.8218,99.9985,35,11,1,35
1024,1024,25181,8388608,0.33542700111866,0,36,2586.5411,2586.5044,99.9986,99,29,1,35
1024,1024,25857,8388608,0.3360062837600708,0,37,2645.2364,2645.1995,99.9986,100,20,1,35
1024,1024,26533,8388608,0.341145321726799,0,38,2681.2806,2681.2437,99.9986,98,51,1,35
1024,1024,27209,8388608,0.33684633672237396,0,39,2760.6036,2760.5669,99.9987,98,63,1,35
1024,1024,27885,8388608,0.33679232001304626,0,40,2861.4033,2861.3669,99.9987,99,39,1,35
1024,1024,28561,8388608,0.3358982503414154,0,41,2889.2157,2889.1797,99.9988,100,23,1,35
1024,1024,29237,8388608,0.34041330218315125,0,42,2973.8825,2973.8462,99.9988,99,20,1,35
1024,1024,29913,8388608,0.3362763673067093,0,43,3041.1730,3041.1355,99.9988,97,23,1,35
1024,1024,30589,8388608,0.341000035405159,0,44,3135.2259,3135.1899,99.9989,100,23,1,35
1024,1024,31265,8388608,0.33821724355220795,0,45,3212.4658,3212.4270,99.9988,100,17,1,35
1024,1024,31941,8388608,0.33709220588207245,0,46,3535.3598,3535.3145,99.9987,99,36,1,35
1024,1024,32617,8388608,0.3353562206029892,0,47,3577.6825,3577.6438,99.9989,99,40,1,35
1024,1024,33293,8388608,0.33638812601566315,0,48,3628.6560,3628.6179,99.9990,99,29,1,35
1024,1024,33969,8388608,0.33697858452796936,0,49,3683.6919,3683.6523,99.9989,100,17,1,35
1024,1024,34645,8388608,0.3399215638637543,0,50,3749.3897,3749.3494,99.9989,100,18,1,35
1024,1024,35321,8388608,0.33736415207386017,0,51,3788.4956,3788.4563,99.9990,100,19,1,35
1024,1024,35997,8388608,0.3366433084011078,0,52,3835.1170,3835.0771,99.9990,100,18,1,35
1024,1024,36673,8388608,0.3365054726600647,0,53,3911.2694,3911.2300,99.9990,99,32,1,35
1024,1024,37349,8388608,0.3358181565999985,0,54,3911.2758,3911.2368,99.9990,100,22,1,35
1024,1024,38025,8388608,0.33560022711753845,0,55,4384.1470,4384.1050,99.9990,100,12,1,35
1024,1024,38701,8388608,0.338209792971611,0,56,3904.2097,3904.1675,99.9989,100,27,1,35
1024,1024,39377,8388608,0.33661164343357086,0,57,3938.0030,3937.9636,99.9990,86,20,1,35
1024,1024,40053,8388608,0.3359578549861908,0,58,3975.7074,3975.6672,99.9990,98,22,1,35
1024,1024,40729,8388608,0.33741816878318787,0,59,4004.6579,4004.6174,99.9990,85,20,1,35
1024,1024,41405,8388608,0.3361981362104416,0,60,4041.5679,4041.5261,99.9990,99,31,1,35
1024,1024,42081,8388608,0.3379806876182556,0,61,4097.3068,4097.2671,99.9990,98,63,1,35
1024,1024,42757,8388608,0.3370959311723709,0,62,4148.1461,4148.1050,99.9990,100,17,1,35
1024,1024,43433,8388608,0.3367271274328232,0,63,4173.7158,4173.6753,99.9990,100,21,1,35
1024,1024,22477,8388608,0.3362465649843216,1,32,2279.1073,2279.0635,99.9981,100,24,1,35
1024,1024,23153,8388608,0.33599697053432465,1,33,2354.7170,2354.6831,99.9986,99,35,1,35
1024,1024,23829,8388608,0.33545494079589844,1,34,2459.8940,2459.8611,99.9987,100,22,1,35
1024,1024,24505,8388608,0.33663399517536163,1,35,2478.3283,2478.2937,99.9986,65,18,1,35
1024,1024,25181,8388608,0.33554621040821075,1,36,2599.4946,2599.4614,99.9987,73,18,1,35
1024,1024,25857,8388608,0.34035369753837585,1,37,2682.9611,2682.9265,99.9987,100,22,1,35
1024,1024,26533,8388608,0.33593177795410156,1,38,2682.8087,2682.7737,99.9987,78,19,1,35
1024,1024,27209,8388608,0.3383401781320572,1,39,3155.5191,3155.4836,99.9989,93,23,1,35
1024,1024,27885,8388608,0.34360773861408234,1,40,2867.7073,2867.6711,99.9987,63,17,1,35
1024,1024,28561,8388608,0.3363322466611862,1,41,2954.2916,2954.2561,99.9988,96,22,1,35
1024,1024,29237,8388608,0.33579207956790924,1,42,2878.6476,2878.6133,99.9988,41,13,1,35
1024,1024,29913,8388608,0.3383588045835495,1,43,3020.3766,3020.3423,99.9989,100,27,1,35
1024,1024,30589,8388608,0.33650919795036316,1,44,3191.6862,3191.6511,99.9989,100,27,1,35
1024,1024,31265,8388608,0.33630430698394775,1,45,3296.2530,3296.2183,99.9989,98,59,1,35
1024,1024,31941,8388608,0.3384202718734741,1,46,3313.6894,3313.6545,99.9989,100,21,1,35
1024,1024,32617,8388608,0.33604539930820465,1,47,3346.5242,3346.4880,99.9989,99,35,1,35
1024,1024,33293,8388608,0.33579021692276,1,48,3827.4143,3827.3782,99.9991,100,25,1,35
1024,1024,33969,8388608,0.3364104777574539,1,49,3517.7760,3517.7402,99.9990,98,49,1,35
1024,1024,34645,8388608,0.33566914498806,1,50,3620.4405,3620.4038,99.9990,99,41,1,35
1024,1024,35321,8388608,0.3437083214521408,1,51,3677.4880,3677.4514,99.9990,100,18,1,35
1024,1024,35997,8388608,0.3441907465457916,1,52,3854.7058,3854.6699,99.9991,100,21,1,35
1024,1024,36673,8388608,0.33723190426826477,1,53,3815.3454,3815.3098,99.9991,98,23,1,35
1024,1024,37349,8388608,0.33796392381191254,1,54,3844.3465,3844.3098,99.9990,99,38,1,35
1024,1024,38025,8388608,0.342831015586853,1,55,3952.9259,3952.8894,99.9991,94,23,1,35
1024,1024,38701,8388608,0.3458932042121887,1,56,3896.0735,3896.0371,99.9991,100,20,1,35
1024,1024,39377,8388608,0.34120678901672363,1,57,3964.6464,3964.6104,99.9991,99,26,1,35
1024,1024,40053,8388608,0.33923983573913574,1,58,4023.1680,4023.1304,99.9991,100,18,1,35
1024,1024,40729,8388608,0.3392491489648819,1,59,4094.1607,4094.1187,99.9990,96,22,1,35
1024,1024,41405,8388608,0.3370065242052078,1,60,4109.0148,4108.9761,99.9991,100,17,1,35
1024,1024,42081,8388608,0.33614784479141235,1,61,4172.7761,4172.7388,99.9991,100,19,1,35
1024,1024,42757,8388608,0.337136909365654,1,62,4230.8410,4230.8057,99.9992,100,17,1,35
1024,1024,43433,8388608,0.33572688698768616,1,63,4341.2637,4341.2256,99.9991,59,15,1,35
1024,1024,22477,8388608,0.3375709056854248,2,32,2334.6156,2334.5740,99.9982,63,16,1,35
1024,1024,23153,8388608,0.3352724015712738,2,33,2406.6259,2406.5935,99.9987,56,16,1,35
1024,1024,23829,8388608,0.35084038972854614,2,34,2492.1215,2492.0894,99.9987,100,23,1,35
1024,1024,24505,8388608,0.3350134938955307,2,35,2537.3500,2537.3140,99.9986,99,30,1,35
1024,1024,25181,8388608,0.33804774284362793,2,36,3631.4912,3631.4539,99.9990,100,21,1,35
1024,1024,25857,8388608,0.3361273556947708,2,37,2577.6206,2577.5886,99.9988,100,25,1,35
1024,1024,26533,8388608,0.3353338688611984,2,38,2652.8194,2652.7874,99.9988,95,23,1,35
1024,1024,27209,8388608,0.34089013934135437,2,39,2697.2893,2697.2571,99.9988,46,14,1,35
1024,1024,27885,8388608,0.33585354685783386,2,40,3040.9019,3040.8682,99.9989,100,25,1,35
1024,1024,28561,8388608,0.33595412969589233,2,41,2878.5595,2878.5259,99.9988,91,21,1,35
1024,1024,29237,8388608,0.3361199051141739,2,42,3160.2187,3160.1846,99.9989,100,24,1,35
1024,1024,29913,8388608,0.3380142152309418,2,43,3063.9253,3063.8931,99.9989,68,18,1,35
1024,1024,30589,8388608,0.3366991877555847,2,44,3162.1592,3162.1257,99.9989,98,60,1,35
1024,1024,31265,8388608,0.33670850098133087,2,45,3192.1512,3192.1174,99.9989,98,61,1,35
1024,1024,31941,8388608,0.3363862633705139,2,46,3364.7166,3364.6831,99.9990,97,71,1,35
1024,1024,32617,8388608,0.3374554216861725,2,47,3831.2855,3831.2498,99.9991,98,59,1,35
1024,1024,33293,8388608,0.33527612686157227,2,48,3682.0562,3682.0220,99.9991,99,29,1,35
1024,1024,33969,8388608,0.33688172698020935,2,49,3463.5099,3463.4749,99.9990,100,22,1,35
1024,1024,34645,8388608,0.33546239137649536,2,50,3474.5842,3474.5503,99.9990,99,46,1,35
1024,1024,35321,8388608,0.33540092408657074,2,51,3529.7268,3529.6924,99.9990,100,23,1,35
1024,1024,35997,8388608,0.33663026988506317,2,52,3753.3434,3753.3096,99.9991,100,20,1,35
1024,1024,36673,8388608,0.33590011298656464,2,53,4012.3934,4012.3564,99.9991,100,17,1,35
1024,1024,37349,8388608,0.3356989473104477,2,54,4093.4731,4093.4382,99.9991,99,42,1,35
1024,1024,38025,8388608,0.33653900027275085,2,55,3898.5368,3898.5015,99.9991,100,19,1,35
1024,1024,38701,8388608,0.33584795892238617,2,56,3814.5911,3814.5562,99.9991,100,22,1,35
1024,1024,39377,8388608,0.3370177000761032,2,57,3930.0023,3929.9670,99.9991,100,24,1,35
1024,1024,40053,8388608,0.33637508749961853,2,58,4003.5041,4003.4678,99.9991,100,24,1,35
1024,1024,40729,8388608,0.3360603004693985,2,59,4339.6703,4339.6328,99.9991,69,18,1,35
1024,1024,41405,8388608,0.336403027176857,2,60,4064.6402,4064.6050,99.9991,100,19,1,35
1024,1024,42081,8388608,0.3360006958246231,2,61,4086.7663,4086.7297,99.9991,80,20,1,35
1024,1024,42757,8388608,0.33890269696712494,2,62,5643.0583,5643.0181,99.9993,62,16,1,35
1024,1024,43433,8388608,0.3368481993675232,2,63,4007.4020,4007.3665,99.9991,51,15,1,35
2048,2048,22477,16777216,0.6622150540351868,0,32,2428.8036,2428.7607,99.9982,100,17,1,29
2048,2048,23153,16777216,0.6555300205945969,0,33,2713.9942,2713.9629,99.9988,100,26,1,29
2048,2048,23829,16777216,0.6577931344509125,0,34,2572.2466,2572.2161,99.9988,99,33,1,29
2048,2048,24505,16777216,0.6577763706445694,0,35,3021.8699,3021.8364,99.9989,99,25,1,29
2048,2048,25181,16777216,0.6588064134120941,0,36,2880.1414,2880.1055,99.9988,100,16,1,29
2048,2048,25857,16777216,0.6578844040632248,0,37,2912.3443,2912.3105,99.9988,100,24,1,29
2048,2048,26533,16777216,0.6609633564949036,0,38,2937.2098,2937.1768,99.9989,100,16,1,29
2048,2048,27209,16777216,0.6581917405128479,0,39,3319.8311,3319.7983,99.9990,100,18,1,29
2048,2048,27885,16777216,0.655708834528923,0,40,3121.8795,3121.8469,99.9990,100,17,1,29
2048,2048,28561,16777216,0.6564762443304062,0,41,3104.4539,3104.4211,99.9989,100,17,1,29
2048,2048,29237,16777216,0.65586157143116,0,42,2891.6418,2891.6091,99.9989,100,24,1,29
2048,2048,29913,16777216,0.6583165377378464,0,43,3936.3370,3936.2988,99.9990,99,49,1,29
2048,2048,30589,16777216,0.6568189710378647,0,44,3729.7885,3729.7520,99.9990,98,62,1,29
2048,2048,31265,16777216,0.6543546915054321,0,45,3041.7245,3041.6921,99.9989,99,46,1,29
2048,2048,31941,16777216,0.6728004664182663,0,46,3617.3881,3617.3511,99.9990,99,38,1,29
2048,2048,32617,16777216,0.657498836517334,0,47,3516.2501,3516.2114,99.9989,100,16,1,29
2048,2048,33293,16777216,0.6559230387210846,0,48,3626.3232,3626.2883,99.9990,98,52,1,29
2048,2048,33969,16777216,0.6494298577308655,0,49,4185.8446,4185.8101,99.9992,98,55,1,29
2048,2048,34645,16777216,0.645957887172699,0,50,3781.7117,3781.6758,99.9991,100,21,1,29
2048,2048,35321,16777216,0.6525926291942596,0,51,3857.6700,3857.6338,99.9991,99,38,1,29
2048,2048,35997,16777216,0.6471797823905945,0,52,3393.3068,3393.2732,99.9990,99,39,1,29
2048,2048,36673,16777216,0.6467755883932114,0,53,4239.4819,4239.4468,99.9992,100,24,1,29
2048,2048,37349,16777216,0.646635890007019,0,54,4072.0637,4072.0266,99.9991,100,21,1,29
2048,2048,38025,16777216,0.6465092301368713,0,55,3793.3234,3793.2827,99.9989,100,16,1,29
2048,2048,38701,16777216,0.6623696535825729,0,56,4308.7918,4308.7568,99.9992,99,27,1,29
2048,2048,39377,16777216,0.6460845470428467,0,57,4306.6855,4306.6499,99.9992,100,17,1,29
2048,2048,40053,16777216,0.6499346345663071,0,58,4293.8404,4293.8052,99.9992,100,24,1,29
2048,2048,40729,16777216,0.6485246121883392,0,59,4191.5401,4191.5034,99.9991,100,24,1,29
2048,2048,41405,16777216,0.6466582417488098,0,60,4494.2812,4494.2441,99.9992,100,16,1,29
2048,2048,42081,16777216,0.6480496376752853,0,61,4736.8498,4736.8125,99.9992,97,76,1,29
2048,2048,42757,16777216,0.6456617265939713,0,62,4589.5475,4589.5098,99.9992,97,77,1,29
2048,2048,43433,16777216,0.6537213921546936,0,63,4730.1809,4730.1421,99.9992,99,30,1,29
2048,2048,22477,16777216,0.6634965538978577,1,32,2719.2383,2719.1958,99.9984,100,17,1,29
2048,2048,23153,16777216,0.6605032831430435,1,33,2662.7808,2662.7502,99.9989,100,18,1,29
2048,2048,23829,16777216,0.6618071347475052,1,34,2780.1959,2780.1648,99.9989,100,15,1,29
2048,2048,24505,16777216,0.6635282188653946,1,35,2952.4494,2952.4160,99.9989,100,15,1,29
2048,2048,25181,16777216,0.6625242531299591,1,36,2808.5172,2808.4849,99.9988,100,15,1,29
2048,2048,25857,16777216,0.6584972143173218,1,37,3170.1173,3170.0854,99.9990,100,15,1,29
2048,2048,26533,16777216,0.6645470857620239,1,38,3484.3685,3484.3347,99.9990,100,12,1,29
2048,2048,27209,16777216,0.67104771733284,1,39,2944.6488,2944.6167,99.9989,100,16,1,29
2048,2048,27885,16777216,0.6673000752925873,1,40,3037.7709,3037.7380,99.9989,100,17,1,29
2048,2048,28561,16777216,0.6620213389396667,1,41,3042.0181,3041.9851,99.9989,100,17,1,29
2048,2048,29237,16777216,0.6476026028394699,1,42,3909.6203,3909.5854,99.9991,100,16,1,29
2048,2048,29913,16777216,0.6592404097318649,1,43,2998.5599,2998.5244,99.9988,98,60,1,29
2048,2048,30589,16777216,0.659087672829628,1,44,3302.0090,3301.9761,99.9990,99,26,1,29
2048,2048,31265,16777216,0.6691031157970428,1,45,3648.0504,3648.0161,99.9991,97,74,1,29
2048,2048,31941,16777216,0.6662551313638687,1,46,3651.9679,3651.9341,99.9991,98,53,1,29
2048,2048,32617,16777216,0.6593819707632065,1,47,3517.0354,3517.0027,99.9991,100,18,1,29
2048,2048,33293,16777216,0.6632748991250992,1,48,3854.2642,3854.2292,99.9991,98,60,1,29
2048,2048,33969,16777216,0.649498775601387,1,49,4480.8497,4480.8062,99.9990,99,30,1,29
2048,2048,34645,16777216,0.6452631205320358,1,50,3503.7160,3503.6821,99.9990,98,62,1,29
2048,2048,35321,16777216,0.6511174142360687,1,51,4090.5168,4090.4822,99.9992,99,30,1,29
2048,2048,35997,16777216,0.6584729999303818,1,52,3908.8163,3908.7830,99.9991,100,19,1,29
2048,2048,36673,16777216,0.6460342556238174,1,53,3848.6932,3848.6604,99.9991,99,39,1,29
2048,2048,37349,16777216,0.646417960524559,1,54,3942.9879,3942.9548,99.9992,100,15,1,29
2048,2048,38025,16777216,0.647079199552536,1,55,4325.9315,4325.8970,99.9992,100,17,1,29
2048,2048,38701,16777216,0.6459448486566544,1,56,3991.6370,3991.6033,99.9992,100,18,1,29
2048,2048,39377,16777216,0.6493404507637024,1,57,3919.2438,3919.2039,99.9990,99,41,1,29
2048,2048,40053,16777216,0.6469413638114929,1,58,4327.2717,4327.2368,99.9992,100,18,1,29
2048,2048,40729,16777216,0.6468817591667175,1,59,4252.9391,4252.9043,99.9992,100,15,1,29
2048,2048,41405,16777216,0.6480235606431961,1,60,4744.2103,4744.1758,99.9993,100,19,1,29
2048,2048,42081,16777216,0.6468649953603745,1,61,4316.3152,4316.2817,99.9992,100,23,1,29
2048,2048,42757,16777216,0.6476696580648422,1,62,4442.9960,4442.9619,99.9992,100,13,1,29
2048,2048,43433,16777216,0.6456486880779266,1,63,5192.0470,5192.0098,99.9993,100,20,1,29
2048,2048,22477,16777216,0.6599891930818558,2,32,2729.1049,2729.0610,99.9984,100,15,1,29
2048,2048,23153,16777216,0.6540101021528244,2,33,2573.0687,2573.0383,99.9988,100,20,1,29
2048,2048,23829,16777216,0.6562490016222,2,34,2597.9201,2597.8884,99.9988,100,17,1,29
2048,2048,24505,16777216,0.6545763462781906,2,35,3008.1195,3008.0874,99.9989,100,15,1,29
2048,2048,25181,16777216,0.654272735118866,2,36,3021.9418,3021.9089,99.9989,100,15,1,29
2048,2048,25857,16777216,0.6549395620822906,2,37,2648.5037,2648.4727,99.9988,99,44,1,29
2048,2048,26533,16777216,0.660240650177002,2,38,3138.8975,3138.8655,99.9990,100,13,1,29
2048,2048,27209,16777216,0.6567053496837616,2,39,3211.9911,3211.9583,99.9990,100,16,1,29
2048,2048,27885,16777216,0.6550326943397522,2,40,3481.6618,3481.6287,99.9990,99,29,1,29
2048,2048,28561,16777216,0.657225027680397,2,41,2924.9898,2924.9580,99.9989,100,18,1,29
2048,2048,29237,16777216,0.6579048931598663,2,42,3426.7144,3426.6812,99.9990,100,16,1,29
2048,2048,29913,16777216,0.6713699549436569,2,43,3795.7367,3795.7034,99.9991,100,16,1,29
2048,2048,30589,16777216,0.6546974182128906,2,44,3178.9013,3178.8694,99.9990,100,14,1,29
2048,2048,31265,16777216,0.6550624966621399,2,45,3457.1865,3457.1538,99.9991,100,20,1,29
2048,2048,31941,16777216,0.6542690098285675,2,46,3740.3844,3740.4038,100.0005,100,15,1,29
2048,2048,32617,16777216,0.6562620401382446,2,47,3444.3055,3444.3394,100.0010,100,11,1,29
2048,2048,33293,16777216,0.6518382579088211,2,48,3794.0546,3794.0933,100.0010,100,31,1,29
2048,2048,33969,16777216,0.6469022482633591,2,49,3467.3104,3467.3420,100.0009,98,72,1,29
2048,2048,34645,16777216,0.6465036422014236,2,50,4133.3784,4133.4204,100.0010,99,26,1,29
2048,2048,35321,16777216,0.6604883819818497,2,51,4192.5928,4192.6367,100.0010,99,27,1,29
2048,2048,35997,16777216,0.6462521851062775,2,52,4233.4230,4233.4673,100.0010,100,17,1,29
2048,2048,36673,16777216,0.6671566516160965,2,53,4296.4284,4296.4727,100.0010,98,45,1,29
2048,2048,37349,16777216,0.6456207484006882,2,54,4327.7626,4327.8066,100.0010,100,15,1,29
2048,2048,38025,16777216,0.6482303142547607,2,55,4632.1390,4632.1870,100.0010,98,55,1,29
2048,2048,38701,16777216,0.6466768682003021,2,56,4310.9836,4311.0254,100.0010,100,19,1,29
2048,2048,39377,16777216,0.6604921072721481,2,57,4340.2320,4340.2725,100.0009,99,33,1,29
2048,2048,40053,16777216,0.6495602428913116,2,58,4367.4169,4367.4590,100.0010,99,41,1,29
2048,2048,40729,16777216,0.646393746137619,2,59,4404.9002,4404.9409,100.0009,99,37,1,29
2048,2048,41405,16777216,0.6467141211032867,2,60,4446.5783,4446.6191,100.0009,100,23,1,29
2048,2048,42081,16777216,0.6460826843976974,2,61,4456.4882,4456.5283,100.0009,100,16,1,29
2048,2048,42757,16777216,0.6479807198047638,2,62,4497.0723,4497.1118,100.0009,99,34,1,29
2048,2048,43433,16777216,0.6463564932346344,2,63,4526.4676,4526.5063,100.0009,100,16,1,29
4096,4096,22477,33554432,1.3309679925441742,0,32,3088.1715,3088.1777,100.0002,98,53,1,29
4096,4096,23153,33554432,1.31983682513237,0,33,3141.0459,3141.0630,100.0005,98,73,1,29
4096,4096,23829,33554432,1.3252049684524536,0,34,3235.5083,3235.5259,100.0005,98,58,1,29
4096,4096,24505,33554432,1.3246145099401474,0,35,3309.7082,3309.7261,100.0005,100,21,1,29
4096,4096,25181,33554432,1.3065580278635025,0,36,3376.2834,3376.3018,100.0005,100,26,1,29
4096,4096,25857,33554432,1.3222750276327133,0,37,3454.1959,3454.2151,100.0006,100,17,1,29
4096,4096,26533,33554432,1.308811828494072,0,38,3502.2262,3502.2456,100.0006,99,36,1,29
4096,4096,27209,33554432,1.307627186179161,0,39,3836.3072,3836.3318,100.0006,100,24,1,29
4096,4096,27885,33554432,1.3180896639823914,0,40,3542.6482,3542.6665,100.0005,99,39,1,29
4096,4096,28561,33554432,1.2907274067401886,0,41,3512.2220,3512.2412,100.0005,100,19,1,29
4096,4096,29237,33554432,1.307038590312004,0,42,3962.8028,3962.8269,100.0006,100,18,1,29
4096,4096,29913,33554432,1.3050064444541931,0,43,3802.9849,3803.0056,100.0005,100,18,1,29
4096,4096,30589,33554432,1.3101603835821152,0,44,3823.2007,3823.2222,100.0006,100,18,1,29
4096,4096,31265,33554432,1.3060495257377625,0,45,4019.0115,4019.0352,100.0006,100,18,1,29
4096,4096,31941,33554432,1.3042446225881577,0,46,4139.5968,4139.6216,100.0006,100,18,1,29
4096,4096,32617,33554432,1.2808311730623245,0,47,4140.8577,4140.8818,100.0006,99,28,1,29
4096,4096,33293,33554432,1.2901406735181808,0,48,4133.1423,4133.1660,100.0006,100,18,1,29
4096,4096,33969,33554432,1.2890174984931946,0,49,4579.4550,4579.4829,100.0006,100,15,1,29
4096,4096,34645,33554432,1.2883972376585007,0,50,4028.3808,4028.4023,100.0005,99,43,1,29
4096,4096,35321,33554432,1.2886207550764084,0,51,4799.9981,4800.0293,100.0007,99,41,1,29
4096,4096,35997,33554432,1.2887753546237946,0,52,4536.3666,4536.3931,100.0006,98,61,1,29
4096,4096,36673,33554432,1.3040024787187576,0,53,4132.3313,4132.3525,100.0005,98,81,1,29
4096,4096,37349,33554432,1.2874286621809006,0,54,4524.1991,4524.2246,100.0006,99,39,1,29
4096,4096,38025,33554432,1.2847576290369034,0,55,4879.9557,4879.9854,100.0006,97,78,1,29
4096,4096,38701,33554432,1.2838467955589294,0,56,4278.1073,4278.1299,100.0005,99,50,1,29
4096,4096,39377,33554432,1.292562112212181,0,57,4714.9601,4714.9858,100.0005,100,21,1,29
4096,4096,40053,33554432,1.2898948043584824,0,58,4727.6982,4727.7246,100.0006,99,32,1,29
4096,4096,40729,33554432,1.2920387089252472,0,59,4389.0329,4389.0537,100.0005,99,34,1,29
4096,4096,41405,33554432,1.2887939810752869,0,60,4951.3952,4951.4233,100.0006,99,46,1,29
4096,4096,42081,33554432,1.2905560433864594,0,61,4795.2753,4795.2988,100.0005,99,46,1,29
4096,4096,42757,33554432,1.278979703783989,0,62,4643.5758,4643.5991,100.0005,99,31,1,29
4096,4096,43433,33554432,1.293279230594635,0,63,5427.9926,5428.0239,100.0006,100,20,1,29
4096,4096,22477,33554432,1.3141091912984848,1,32,3113.7199,3113.7144,99.9998,99,50,1,29
4096,4096,23153,33554432,1.3068951666355133,1,33,3043.9136,3043.9172,100.0001,99,34,1,29
4096,4096,23829,33554432,1.3048667460680008,1,34,3136.7829,3136.7888,100.0002,98,53,1,29
4096,4096,24505,33554432,1.29660964012146,1,35,3387.6151,3387.6216,100.0002,98,56,1,29
4096,4096,25181,33554432,1.3236459344625473,1,36,3379.0119,3379.0181,100.0002,98,62,1,29
4096,4096,25857,33554432,1.3163872063159943,1,37,3528.1955,3528.2024,100.0002,100,20,1,29
4096,4096,26533,33554432,1.3019964098930359,1,38,3303.5880,3303.5935,100.0002,99,47,1,29
4096,4096,27209,33554432,1.31889246404171,1,39,3595.0378,3595.0464,100.0002,99,49,1,29
4096,4096,27885,33554432,1.3004280626773834,1,40,3515.4437,3515.4497,100.0002,100,17,1,29
4096,4096,28561,33554432,1.3013705611228943,1,41,3484.7505,3484.7566,100.0002,99,44,1,29
4096,4096,29237,33554432,1.2856479734182358,1,42,4140.3356,4140.3481,100.0003,100,19,1,29
4096,4096,29913,33554432,1.3023726642131805,1,43,4093.1016,4093.1130,100.0003,100,30,1,29
4096,4096,30589,33554432,1.3062171638011932,1,44,3925.0707,3925.0796,100.0002,98,53,1,29
4096,4096,31265,33554432,1.309376209974289,1,45,3881.5782,3881.5864,100.0002,100,26,1,29
4096,4096,31941,33554432,1.3139378279447556,1,46,3753.0864,3753.0930,100.0002,99,41,1,29
4096,4096,32617,33554432,1.2992694973945618,1,47,4021.3700,4021.3801,100.0003,99,30,1,29
4096,4096,33293,33554432,1.287432387471199,1,48,4244.8316,4244.8442,100.0003,100,18,1,29
4096,4096,33969,33554432,1.2897364795207977,1,49,4230.5408,4230.5518,100.0003,100,17,1,29
4096,4096,34645,33554432,1.2869276106357574,1,50,4251.0676,4251.0781,100.0002,100,16,1,29
4096,4096,35321,33554432,1.2820418924093246,1,51,4300.5838,4300.5933,100.0002,100,22,1,29
4096,4096,35997,33554432,1.2892894446849823,1,52,4424.5840,4424.5957,100.0003,100,19,1,29
4096,4096,36673,33554432,1.2879427522420883,1,53,4644.7887,4644.8022,100.0003,98,56,1,29
4096,4096,37349,33554432,1.3053175061941147,1,54,4473.4093,4473.4209,100.0003,99,31,1,29
4096,4096,38025,33554432,1.2831687927246094,1,55,4594.9239,4594.9331,100.0002,99,31,1,29
4096,4096,38701,33554432,1.287577673792839,1,56,4921.5361,4921.5488,100.0003,99,52,1,29
4096,4096,39377,33554432,1.290561631321907,1,57,5621.9394,5621.9565,100.0003,99,46,1,29
4096,4096,40053,33554432,1.2914985418319702,1,58,4736.3702,4736.3799,100.0002,98,63,1,29
4096,4096,40729,33554432,1.2869630008935928,1,59,4400.4204,4400.4277,100.0002,98,61,1,29
4096,4096,41405,33554432,1.3037417083978653,1,60,4672.5235,4672.5317,100.0002,99,36,1,29
4096,4096,42081,33554432,1.2973733246326447,1,61,4844.8590,4844.8691,100.0002,100,20,1,29
4096,4096,42757,33554432,1.30566768348217,1,62,4409.7869,4409.7954,100.0002,100,18,1,29
4096,4096,43433,33554432,1.2876242399215698,1,63,5025.8838,5025.8955,100.0002,100,17,1,29
4096,4096,22477,33554432,1.3208035379648209,2,32,3739.2229,3739.2131,99.9997,99,38,1,29
4096,4096,23153,33554432,1.317312940955162,2,33,2933.8703,2933.8643,99.9998,98,59,1,29
4096,4096,23829,33554432,1.3289246708154678,2,34,2980.1946,2980.1887,99.9998,98,64,1,29
4096,4096,24505,33554432,1.3169161975383759,2,35,3473.9627,3473.9604,99.9999,99,37,1,29
4096,4096,25181,33554432,1.3191252946853638,2,36,3372.6819,3372.6782,99.9999,99,44,1,29
4096,4096,25857,33554432,1.3156644999980927,2,37,3397.5249,3397.5212,99.9999,99,42,1,29
4096,4096,26533,33554432,1.3115350157022476,2,38,3500.7508,3500.7478,99.9999,97,76,1,29
4096,4096,27209,33554432,1.3253837823867798,2,39,3548.2061,3548.2021,99.9999,99,26,1,29
4096,4096,27885,33554432,1.3054367154836655,2,40,3668.1026,3668.0989,99.9999,98,66,1,29
4096,4096,28561,33554432,1.3131201267242432,2,41,3648.9980,3648.9968,100.0000,99,49,1,29
4096,4096,29237,33554432,1.313699409365654,2,42,3731.9844,3731.9829,100.0000,100,23,1,29
4096,4096,29913,33554432,1.3117976486682892,2,43,3682.1977,3682.1956,99.9999,99,41,1,29
4096,4096,30589,33554432,1.3221930712461472,2,44,3597.1138,3597.1094,99.9999,99,40,1,29
4096,4096,31265,33554432,1.310119405388832,2,45,3889.8867,3889.8865,100.0000,100,19,1,29
4096,4096,31941,33554432,1.3119354844093323,2,46,3563.9398,3563.9373,99.9999,100,25,1,29
4096,4096,32617,33554432,1.2932941317558289,2,47,4024.6371,4024.6362,100.0000,100,17,1,29
4096,4096,33293,33554432,1.3076066970825195,2,48,4283.2531,4283.2544,100.0000,100,16,1,29
4096,4096,33969,33554432,1.3125240802764893,2,49,3973.0842,3973.0813,99.9999,100,24,1,29
4096,4096,34645,33554432,1.2980271130800247,2,50,4611.3321,4611.3271,99.9999,100,17,1,29
4096,4096,35321,33554432,1.2955069541931152,2,51,4460.0905,4460.0908,100.0000,99,29,1,29
4096,4096,35997,33554432,1.2986287474632263,2,52,3986.7992,3986.7966,99.9999,99,34,1,29
4096,4096,36673,33554432,1.2924615293741226,2,53,4623.8932,4623.8975,100.0001,100,25,1,29
4096,4096,37349,33554432,1.2948773801326752,2,54,4568.7833,4568.7852,100.0000,99,32,1,29
4096,4096,38025,33554432,1.2937821447849274,2,55,5032.9774,5032.9819,100.0001,98,83,1,29
4096,4096,38701,33554432,1.298215240240097,2,56,4436.9455,4436.9448,100.0000,98,69,1,29
4096,4096,39377,33554432,1.3118479400873184,2,57,4972.7319,4972.7344,100.0001,97,77,1,29
4096,4096,40053,33554432,1.2916307896375656,2,58,4587.2924,4587.2925,100.0000,100,27,1,29
4096,4096,40729,33554432,1.2795105576515198,2,59,4507.9917,4507.9922,100.0000,99,43,1,29
4096,4096,41405,33554432,1.2914501130580902,2,60,5001.5633,5001.5659,100.0001,99,38,1,29
4096,4096,42081,33554432,1.2939292937517166,2,61,4793.0621,4793.0620,100.0000,99,37,1,29
4096,4096,42757,33554432,1.2898147106170654,2,62,5355.1908,5355.1943,100.0001,99,51,1,29
4096,4096,43433,33554432,1.2907199561595917,2,63,4735.3593,4735.3579,100.0000,100,24,1,29
