k_requested,k_avail,k_actual,xfer_k_bytes,rep,step_idx,wall_ms,cuda_event_ms,gate_ms,decode_gpu_ms,num_new_tokens,tok_per_s,decode_ratio,nvml_gpu_util,nvml_mem_util,cls_pred,text_len
64,5577,64,524288,0,64,1036.1662,1036.1007,352.7006,682.4975,0,0.000000,0.658676,,,1,87
64,5577,64,524288,0,65,969.0320,969.0028,356.5584,611.3190,0,0.000000,0.630855,,,1,87
64,5577,64,524288,0,66,1335.3078,1335.2822,356.1773,977.6693,0,0.000000,0.732168,,,1,140
64,5577,64,524288,0,67,1412.4631,1412.4379,354.5070,1056.3728,0,0.000000,0.747894,,,1,145
64,5577,64,524288,0,68,1929.9615,1929.9360,357.0367,1570.7744,0,0.000000,0.813889,,,1,219
64,5577,64,524288,0,69,1938.0780,1938.0516,355.9340,1579.8562,0,0.000000,0.815166,,,1,219
64,5577,64,524288,0,70,1945.4977,1945.4711,359.3702,1583.6460,0,0.000000,0.814006,,,1,219
64,5577,64,524288,0,71,1957.7302,1957.7037,358.2754,1596.8336,0,0.000000,0.815656,,,1,219
64,5577,64,524288,0,72,1966.2946,1966.2682,362.4216,1601.1631,0,0.000000,0.814305,,,1,219
64,5577,64,524288,0,73,1978.0569,1978.0292,363.7574,1611.2207,0,0.000000,0.814547,,,1,219
64,5577,64,524288,0,74,1985.6929,1985.6663,364.8881,1617.4517,0,0.000000,0.814553,,,1,219
64,5577,64,524288,0,75,1988.1995,1988.1721,362.6481,1622.2004,0,0.000000,0.815914,,,1,219
64,5577,64,524288,0,76,1995.7221,1995.6945,365.7654,1626.5743,0,0.000000,0.815030,,,1,219
64,5577,64,524288,0,77,2008.3116,2008.2844,364.8115,1639.9104,0,0.000000,0.816562,,,1,219
64,5577,64,524288,0,78,2017.2060,2017.1792,367.8051,1645.6802,0,0.000000,0.815822,,,1,219
64,5577,64,524288,0,79,2030.2907,2030.2649,367.3971,1658.9653,0,0.000000,0.817107,,,1,219
64,5577,64,524288,0,80,2037.1723,2037.1437,369.1051,1663.9539,0,0.000000,0.816796,,,1,219
64,5577,64,524288,0,81,2046.8111,2046.7836,369.9270,1672.5854,0,0.000000,0.817166,,,1,219
64,5577,64,524288,0,82,2050.5275,2050.5005,371.2134,1674.9221,0,0.000000,0.816825,,,1,219
64,5577,64,524288,0,83,2069.2729,2069.2451,370.1067,1694.4265,0,0.000000,0.818851,,,1,219
64,5577,64,524288,0,84,2077.8405,2077.8123,375.4040,1697.5035,0,0.000000,0.816956,,,1,219
64,5577,64,524288,0,85,2082.4184,2082.3887,373.9676,1703.4216,0,0.000000,0.818002,,,1,219
64,5577,64,524288,0,86,2087.6072,2087.5791,374.9933,1707.3026,0,0.000000,0.817828,,,1,219
64,5577,64,524288,0,87,2100.5230,2100.4949,371.9973,1723.0762,0,0.000000,0.820308,,,1,219
64,5577,64,524288,0,88,2113.5628,2113.5364,377.4004,1730.6394,0,0.000000,0.818826,,,1,219
64,5577,64,524288,0,89,2122.2310,2122.2017,378.1198,1738.3733,0,0.000000,0.819125,,,1,219
64,5577,64,524288,0,90,2128.2472,2128.2188,377.0145,1745.4059,0,0.000000,0.820114,,,1,219
64,5577,64,524288,0,91,2139.7236,2139.6941,377.9932,1755.7905,0,0.000000,0.820569,,,1,219
64,5577,64,524288,0,92,2147.8886,2147.8599,378.9814,1762.8093,0,0.000000,0.820717,,,1,219
64,5577,64,524288,0,93,2161.5686,2161.5403,378.4828,1776.8197,0,0.000000,0.822005,,,1,219
64,5577,64,524288,0,94,2172.8101,2172.7808,382.8138,1783.5883,0,0.000000,0.820867,,,1,219
64,5577,64,524288,0,95,2177.9325,2177.9043,381.9169,1789.4617,0,0.000000,0.821633,,,1,219
64,5577,64,524288,1,64,978.2317,978.1829,366.3278,610.9744,0,0.000000,0.624570,,,1,87
64,5577,64,524288,1,65,978.5766,978.5493,365.2962,612.0734,0,0.000000,0.625473,,,1,87
64,5577,64,524288,1,66,1344.8479,1344.8202,365.1253,978.3422,0,0.000000,0.727474,,,1,140
64,5577,64,524288,1,67,1420.4325,1420.4061,361.1988,1057.7046,0,0.000000,0.744636,,,1,145
64,5577,64,524288,1,68,1943.3498,1943.3212,368.8429,1572.4758,0,0.000000,0.809157,,,1,219
64,5577,64,524288,1,69,1950.2728,1950.2386,365.9196,1582.1541,0,0.000000,0.811248,,,1,219
64,5577,64,524288,1,70,1955.4179,1955.3890,367.6492,1585.4097,0,0.000000,0.810778,,,1,219
64,5577,64,524288,1,71,1973.5945,1973.5674,371.4865,1599.5559,0,0.000000,0.810479,,,1,219
64,5577,64,524288,1,72,1979.0690,1979.0397,371.6550,1604.6068,0,0.000000,0.810789,,,1,219
64,5577,64,524288,1,73,1986.7830,1986.7528,369.7644,1613.9436,0,0.000000,0.812340,,,1,219
64,5577,64,524288,1,74,1997.3949,1997.3662,375.3087,1618.9617,0,0.000000,0.810537,,,1,219
64,5577,64,524288,1,75,2001.4531,2001.4250,371.4591,1626.6798,0,0.000000,0.812749,,,1,219
64,5577,64,524288,1,76,2011.4769,2011.4480,375.6727,1632.2656,0,0.000000,0.811476,,,1,219
64,5577,64,524288,1,77,2023.7239,2023.6959,375.7303,1644.2422,0,0.000000,0.812483,,,1,219
64,5577,64,524288,1,78,2029.2696,2029.2402,376.0296,1649.4441,0,0.000000,0.812827,,,1,219
64,5577,64,524288,1,79,2043.0500,2043.0222,372.9638,1666.0583,0,0.000000,0.815476,,,1,219
64,5577,64,524288,1,80,2051.2922,2051.2649,377.4279,1669.8065,0,0.000000,0.814027,,,1,219
64,5577,64,524288,1,81,2065.6667,2065.6401,383.0148,1678.4417,0,0.000000,0.812542,,,1,219
64,5577,64,524288,1,82,2066.9821,2066.9541,380.1098,1682.4166,0,0.000000,0.813948,,,1,219
64,5577,64,524288,1,83,2091.7151,2091.6873,384.9351,1702.0375,0,0.000000,0.813704,,,1,219
64,5577,64,524288,1,84,2086.2983,2086.2646,377.7552,1703.6113,0,0.000000,0.816571,,,1,219
64,5577,64,524288,1,85,2110.6768,2110.6479,388.1551,1717.3942,0,0.000000,0.813670,,,1,219
64,5577,64,524288,1,86,2128.6168,2128.5884,408.5252,1714.7172,0,0.000000,0.805555,,,1,219
64,5577,64,524288,1,87,2126.1956,2126.1663,387.7749,1733.0444,0,0.000000,0.815092,,,1,219
64,5577,64,524288,1,88,2129.8004,2129.7725,380.9700,1743.2266,0,0.000000,0.818493,,,1,219
64,5577,64,524288,1,89,2136.9767,2136.9512,381.5254,1749.5706,0,0.000000,0.818713,,,1,219
64,5577,64,524288,1,90,2148.7697,2148.7419,385.7278,1757.1882,0,0.000000,0.817765,,,1,219
64,5577,64,524288,1,91,2159.4039,2159.3713,383.6628,1769.2906,0,0.000000,0.819342,,,1,219
64,5577,64,524288,1,92,2181.8230,2181.7981,397.0196,1778.6210,0,0.000000,0.815199,,,1,219
64,5577,64,524288,1,93,2185.3649,2185.3394,387.4151,1791.6068,0,0.000000,0.819820,,,1,219
64,5577,64,524288,1,94,2194.7446,2194.7207,387.4781,1800.7786,0,0.000000,0.820496,,,1,219
64,5577,64,524288,1,95,2206.3140,2206.2896,386.6696,1812.9570,0,0.000000,0.821713,,,1,219
64,5577,64,524288,2,64,990.5817,990.5328,376.0812,613.5081,0,0.000000,0.619341,,,1,87
64,5577,64,524288,2,65,992.2828,992.2549,376.4631,614.4707,0,0.000000,0.619250,,,1,87
64,5577,64,524288,2,66,1371.0441,1371.0154,388.4355,981.1011,0,0.000000,0.715587,,,1,140
64,5577,64,524288,2,67,1433.8950,1433.8672,372.1926,1060.0562,0,0.000000,0.739284,,,1,145
64,5577,64,524288,2,68,1958.3973,1958.3724,380.3221,1575.9719,0,0.000000,0.804725,,,1,219
64,5577,64,524288,2,69,1976.2874,1976.2566,385.1243,1588.6942,0,0.000000,0.803878,,,1,219
64,5577,64,524288,2,70,1977.1025,1977.0789,382.4356,1592.1121,0,0.000000,0.805275,,,1,219
64,5577,64,524288,2,71,2009.2618,2009.2253,398.6200,1607.7413,0,0.000000,0.800165,,,1,219
64,5577,64,524288,2,72,2055.5276,2055.5056,437.2402,1615.5004,0,0.000000,0.785930,,,1,219
64,5577,64,524288,2,73,2096.9946,2096.9736,446.7355,1647.2729,0,0.000000,0.785540,,,1,219
64,5577,64,524288,2,74,2026.8026,2026.7640,389.9992,1633.1455,0,0.000000,0.805774,,,1,219
64,5577,64,524288,2,75,2052.8868,2052.8657,400.6966,1648.6681,0,0.000000,0.803097,,,1,219
64,5577,64,524288,2,76,2091.4874,2091.4688,420.5344,1667.4100,0,0.000000,0.797236,,,1,219
64,5577,64,524288,2,77,2195.1939,2195.1743,455.8013,1735.7124,0,0.000000,0.790688,,,1,219
64,5577,64,524288,2,78,2140.1295,2140.1064,429.5029,1706.8143,0,0.000000,0.797529,,,1,219
64,5577,64,524288,2,79,2268.1041,2268.0857,489.1543,1774.9803,0,0.000000,0.782583,,,1,219
64,5577,64,524288,2,80,2302.5444,2302.5251,502.8974,1795.5166,0,0.000000,0.779797,,,1,219
64,5577,64,524288,2,81,2315.2113,2315.1934,488.5891,1822.3303,0,0.000000,0.787112,,,1,219
64,5577,64,524288,2,82,2309.4348,2309.4175,501.5482,1803.3950,0,0.000000,0.780882,,,1,219
64,5577,64,524288,2,83,2387.3046,2387.2876,511.7409,1870.8986,0,0.000000,0.783687,,,1,219
64,5577,64,524288,2,84,2430.7471,2430.7288,531.4933,1894.3167,0,0.000000,0.779315,,,1,219
64,5577,64,524288,2,85,2454.3024,2454.2854,537.8551,1911.3270,0,0.000000,0.778766,,,1,219
64,5577,64,524288,2,86,2476.9489,2476.9304,543.4810,1928.3657,0,0.000000,0.778525,,,1,219
64,5577,64,524288,2,87,2494.2915,2494.2744,537.8252,1951.1774,0,0.000000,0.782257,,,1,219
64,5577,64,524288,2,88,2514.0317,2514.0159,540.8663,1967.7186,0,0.000000,0.782694,,,1,219
64,5577,64,524288,2,89,2561.8165,2561.8005,548.6189,2007.6533,0,0.000000,0.783683,,,1,219
64,5577,64,524288,2,90,2579.0648,2579.0493,554.0238,2019.2275,0,0.000000,0.782930,,,1,219
64,5577,64,524288,2,91,3668.2629,3668.2520,819.8404,2842.4753,0,0.000000,0.774883,,,1,219
64,5577,64,524288,2,92,3597.7018,3597.6885,832.8241,2758.5522,0,0.000000,0.766754,,,1,219
64,5577,64,524288,2,93,3584.3023,3584.2886,806.8988,2770.7705,0,0.000000,0.773029,,,1,219
64,5577,64,524288,2,94,3475.8522,3475.8372,782.8346,2686.4077,0,0.000000,0.772877,,,1,219
64,5577,64,524288,2,95,3411.5398,3411.5242,757.6695,2647.0879,0,0.000000,0.775922,,,1,219
128,5577,128,1048576,0,64,992.9360,992.8959,414.1019,578.0520,0,0.000000,0.582164,,,1,77
128,5577,128,1048576,0,65,1061.0515,1061.0308,470.7789,589.2186,0,0.000000,0.555316,,,1,57
128,5577,128,1048576,0,66,1014.4374,1014.4160,430.7284,582.6019,0,0.000000,0.574310,,,1,57
128,5577,128,1048576,0,67,1180.3756,1180.3540,419.2413,759.8929,0,0.000000,0.643772,,,1,86
128,5577,128,1048576,0,68,2172.4780,2172.4607,532.0969,1638.5038,0,0.000000,0.754210,,,1,172
128,5577,128,1048576,0,69,2247.2917,2247.2725,576.5204,1668.7457,0,0.000000,0.742559,,,1,172
128,5577,128,1048576,0,70,2237.2997,2237.2830,558.0101,1677.1151,0,0.000000,0.749616,,,1,172
128,5577,128,1048576,0,71,2235.5950,2235.5784,539.7176,1693.5828,0,0.000000,0.757553,,,1,172
128,5577,128,1048576,0,72,2298.3632,2298.3481,569.3658,1726.4723,0,0.000000,0.751175,,,1,172
128,5577,128,1048576,0,73,2383.7457,2383.7288,608.9234,1772.1749,0,0.000000,0.743441,,,1,172
128,5577,128,1048576,0,74,1530.0225,1530.0029,611.9385,915.8867,0,0.000000,0.598610,,,1,86
128,5577,128,1048576,0,75,2418.0781,2418.0632,608.9587,1806.2898,0,0.000000,0.746994,,,1,172
128,5577,128,1048576,0,76,2387.5402,2387.5234,581.7825,1802.6991,0,0.000000,0.755045,,,1,172
128,5577,128,1048576,0,77,2477.6113,2477.5952,611.9776,1862.4369,0,0.000000,0.751707,,,1,172
128,5577,128,1048576,0,78,2512.5653,2512.5488,614.8172,1894.3888,0,0.000000,0.753966,,,1,172
128,5577,128,1048576,0,79,2561.9655,2561.9497,605.4421,1953.1312,0,0.000000,0.762357,,,1,172
128,5577,128,1048576,0,80,3553.7843,3553.7720,906.3282,2643.9229,0,0.000000,0.743974,,,1,172
128,5577,128,1048576,0,81,3602.5799,3602.5674,940.8624,2658.0359,0,0.000000,0.737815,,,1,172
128,5577,128,1048576,0,82,3564.5672,3564.5532,924.9099,2635.8975,0,0.000000,0.739472,,,1,172
128,5577,128,1048576,0,83,3536.6823,3536.6675,895.4409,2637.2900,0,0.000000,0.745696,,,1,172
128,5577,128,1048576,0,84,3485.5140,3485.4985,876.4687,2604.9529,0,0.000000,0.747365,,,1,172
128,5577,128,1048576,0,85,2296.9103,2296.8918,848.3314,1444.9279,0,0.000000,0.629075,,,1,86
128,5577,128,1048576,0,86,2214.6794,2214.6597,810.0595,1400.8818,0,0.000000,0.632544,,,1,86
128,5577,128,1048576,0,87,2590.2815,2590.2627,804.7110,1781.2050,0,0.000000,0.687649,,,1,172
128,5577,128,1048576,0,88,2201.8092,2201.7891,406.8924,1790.4373,0,0.000000,0.813166,,,1,172
128,5577,128,1048576,0,89,2265.1161,2265.0955,429.7682,1830.7269,0,0.000000,0.808227,,,1,172
128,5577,128,1048576,0,90,2184.7484,2184.7292,400.8892,1779.0823,0,0.000000,0.814319,,,1,172
128,5577,128,1048576,0,91,2308.3435,2308.3259,440.5082,1862.9490,0,0.000000,0.807050,,,1,172
128,5577,128,1048576,0,92,2537.0602,2537.0432,533.4724,1998.5232,0,0.000000,0.787732,,,1,172
128,5577,128,1048576,0,93,6958.0676,6958.0640,1154.7285,5798.1455,0,0.000000,0.833298,,,1,172
128,5577,128,1048576,0,94,3641.2367,3641.2195,1391.2506,2244.6235,0,0.000000,0.616445,,,1,172
128,5577,128,1048576,0,95,1479.4929,1479.4711,429.0724,1045.4928,0,0.000000,0.706656,,,1,86
128,5577,128,1048576,1,64,955.0920,955.0587,373.6428,580.6750,0,0.000000,0.607978,,,1,77
128,5577,128,1048576,1,65,1009.1453,1009.1247,427.7416,580.4036,0,0.000000,0.575144,,,1,57
128,5577,128,1048576,1,66,1180.9838,1180.9635,562.5182,617.3508,0,0.000000,0.522743,,,1,57
128,5577,128,1048576,1,67,1341.7352,1341.7145,560.7145,779.7773,0,0.000000,0.581171,,,1,86
128,5577,128,1048576,1,68,2189.5221,2189.5051,557.2341,1630.3901,0,0.000000,0.744633,,,1,172
128,5577,128,1048576,1,69,2117.8836,2117.8665,484.1642,1631.7024,0,0.000000,0.770440,,,1,172
128,5577,128,1048576,1,70,2220.8747,2220.8574,556.9498,1661.7335,0,0.000000,0.748234,,,1,172
128,5577,128,1048576,1,71,2902.8476,2902.8347,788.6390,2111.9099,0,0.000000,0.727530,,,1,172
128,5577,128,1048576,1,72,2754.2954,2754.2798,750.9361,2000.9023,0,0.000000,0.726466,,,1,172
128,5577,128,1048576,1,73,2889.3549,2889.3396,806.2443,2080.4949,0,0.000000,0.720055,,,1,172
128,5577,128,1048576,1,74,1869.4572,1869.4376,785.2820,1081.9669,0,0.000000,0.578760,,,1,86
128,5577,128,1048576,1,75,2933.5298,2933.5137,798.8020,2131.9050,0,0.000000,0.726737,,,1,172
128,5577,128,1048576,1,76,2916.7006,2916.6851,784.4664,2129.2498,0,0.000000,0.730020,,,1,172
128,5577,128,1048576,1,77,2974.2315,2974.2153,801.4564,2169.6736,0,0.000000,0.729490,,,1,172
128,5577,128,1048576,1,78,2955.3776,2955.3613,758.1070,2194.0298,0,0.000000,0.742386,,,1,172
128,5577,128,1048576,1,79,3015.3638,3015.3467,774.0445,2237.9590,0,0.000000,0.742185,,,1,172
128,5577,128,1048576,1,80,2990.3790,2990.3633,751.2692,2235.6423,0,0.000000,0.747612,,,1,172
128,5577,128,1048576,1,81,3014.2310,3014.2144,750.5336,2260.0447,0,0.000000,0.749791,,,1,172
128,5577,128,1048576,1,82,3003.5586,3003.5405,745.6679,2254.1357,0,0.000000,0.750488,,,1,172
128,5577,128,1048576,1,83,2999.8733,2999.8552,729.0350,2266.7712,0,0.000000,0.755622,,,1,172
128,5577,128,1048576,1,84,3011.3691,3011.3496,733.8175,2273.2739,0,0.000000,0.754897,,,1,172
128,5577,128,1048576,1,85,2016.1262,2016.1052,721.3366,1291.1298,0,0.000000,0.640401,,,1,86
128,5577,128,1048576,1,86,1998.9541,1998.9331,710.3628,1284.8893,0,0.000000,0.642781,,,1,86
128,5577,128,1048576,1,87,2963.0341,2963.0154,719.9016,2238.7615,0,0.000000,0.755564,,,1,172
128,5577,128,1048576,1,88,2950.2524,2950.2332,694.9793,2250.8057,0,0.000000,0.762920,,,1,172
128,5577,128,1048576,1,89,2956.2026,2956.1838,679.5283,2272.0925,0,0.000000,0.768585,,,1,172
128,5577,128,1048576,1,90,2956.1727,2956.1538,677.1328,2274.2554,0,0.000000,0.769324,,,1,172
128,5577,128,1048576,1,91,2964.5269,2964.5078,674.4849,2285.1401,0,0.000000,0.770828,,,1,172
128,5577,128,1048576,1,92,2982.5088,2982.4893,669.0552,2308.4172,0,0.000000,0.773985,,,1,172
128,5577,128,1048576,1,93,2971.0514,2971.0315,659.4370,2306.4263,0,0.000000,0.776300,,,1,172
128,5577,128,1048576,1,94,2964.9540,2964.9346,657.8203,2301.8528,0,0.000000,0.776354,,,1,172
128,5577,128,1048576,1,95,2012.1315,2012.1112,649.0155,1358.2681,0,0.000000,0.675039,,,1,86
128,5577,128,1048576,2,64,1225.3140,1225.2803,623.5523,600.9813,0,0.000000,0.490471,,,1,77
128,5577,128,1048576,2,65,1098.3516,1098.3289,502.9952,594.3033,0,0.000000,0.541087,,,1,57
128,5577,128,1048576,2,66,1206.4311,1206.4084,625.0518,580.2520,0,0.000000,0.480966,,,1,57
128,5577,128,1048576,2,67,1137.0561,1137.0332,383.6723,751.9935,0,0.000000,0.661351,,,1,86
128,5577,128,1048576,2,68,2192.2633,2192.2444,551.6382,1638.6863,0,0.000000,0.747486,,,1,172
128,5577,128,1048576,2,69,2491.8791,2491.8494,563.2591,1926.4161,0,0.000000,0.773078,,,1,172
128,5577,128,1048576,2,70,2254.5203,2254.4912,571.8263,1680.3398,0,0.000000,0.745320,,,1,172
128,5577,128,1048576,2,71,2301.6275,2301.6079,580.3959,1718.7708,0,0.000000,0.746763,,,1,172
128,5577,128,1048576,2,72,3673.8881,3673.8755,955.9208,2715.4604,0,0.000000,0.739124,,,1,172
128,5577,128,1048576,2,73,3671.9707,3671.9551,1030.4003,2638.8394,0,0.000000,0.718644,,,1,172
128,5577,128,1048576,2,74,2391.8955,2391.8750,1038.2368,1351.3370,0,0.000000,0.564965,,,1,86
128,5577,128,1048576,2,75,3577.9036,3577.8870,998.6464,2576.3306,0,0.000000,0.720067,,,1,172
128,5577,128,1048576,2,76,3512.8772,3512.8586,991.8197,2517.9641,0,0.000000,0.716781,,,1,172
128,5577,128,1048576,2,77,3443.1662,3443.1460,927.1350,2512.7634,0,0.000000,0.729783,,,1,172
128,5577,128,1048576,2,78,3385.5679,3385.5486,918.3423,2463.8953,0,0.000000,0.727764,,,1,172
128,5577,128,1048576,2,79,2766.5275,2766.5066,885.6488,1877.3295,0,0.000000,0.678587,,,1,172
128,5577,128,1048576,2,80,2093.0911,2093.0688,391.4303,1698.0109,0,0.000000,0.811246,,,1,172
128,5577,128,1048576,2,81,2159.7383,2159.7148,430.0081,1725.9250,0,0.000000,0.799136,,,1,172
128,5577,128,1048576,2,82,2329.2805,2329.2605,476.2703,1849.0880,0,0.000000,0.793845,,,1,172
128,5577,128,1048576,2,83,2412.2376,2412.2180,524.7637,1883.4203,0,0.000000,0.780777,,,1,172
128,5577,128,1048576,2,84,2160.0384,2160.0164,401.8188,1754.0123,0,0.000000,0.812028,,,1,172
128,5577,128,1048576,2,85,1462.3013,1462.2792,501.0093,957.5358,0,0.000000,0.654814,,,1,86
128,5577,128,1048576,2,86,1541.1819,1541.1595,501.7640,1035.5198,0,0.000000,0.671900,,,1,86
128,5577,128,1048576,2,87,2309.2096,2309.1895,471.0964,1833.6006,0,0.000000,0.794038,,,1,172
128,5577,128,1048576,2,88,2493.4770,2493.4578,528.2033,1960.6324,0,0.000000,0.786305,,,1,172
128,5577,128,1048576,2,89,2486.6541,2486.6355,531.1574,1950.7186,0,0.000000,0.784475,,,1,172
128,5577,128,1048576,2,90,2587.4933,2587.4751,553.4832,2029.0223,0,0.000000,0.784165,,,1,172
128,5577,128,1048576,2,91,2905.3882,2905.3711,525.6162,2374.7117,0,0.000000,0.817347,,,1,172
128,5577,128,1048576,2,92,5628.0798,5628.0693,1094.3377,4528.4688,0,0.000000,0.804621,,,1,172
128,5577,128,1048576,2,93,5390.9366,5390.9199,1271.6279,4113.7876,0,0.000000,0.763093,,,1,172
128,5577,128,1048576,2,94,4944.7926,4944.7754,1187.7396,3751.6038,0,0.000000,0.758698,,,1,172
128,5577,128,1048576,2,95,2365.4130,2365.3884,1070.2685,1290.0808,0,0.000000,0.545393,,,1,86
256,5577,256,2097152,0,64,1435.6874,1435.6237,421.0456,1013.1971,0,0.000000,0.705723,,,1,131
256,5577,256,2097152,0,65,1533.5031,1533.4801,492.7400,1038.8915,0,0.000000,0.677463,,,1,131
256,5577,256,2097152,0,66,2220.9028,2220.8796,554.8875,1663.7888,0,0.000000,0.749150,,,1,209
256,5577,256,2097152,0,67,2307.5818,2307.5627,582.7077,1722.3776,0,0.000000,0.746399,,,1,209
256,5577,256,2097152,0,68,2391.6511,2391.6328,609.4342,1779.9021,0,0.000000,0.744215,,,1,209
256,5577,256,2097152,0,69,2445.3029,2445.2815,602.1915,1840.5033,0,0.000000,0.752669,,,1,209
256,5577,256,2097152,0,70,2837.9806,2837.9641,740.9084,2094.3970,0,0.000000,0.737988,,,1,209
256,5577,256,2097152,0,71,3104.5492,3104.5312,848.0913,2253.6221,0,0.000000,0.725910,,,1,209
256,5577,256,2097152,0,72,3111.0935,3111.0754,831.3209,2276.7561,0,0.000000,0.731819,,,1,209
256,5577,256,2097152,0,73,3146.1343,3146.1165,840.1264,2302.7732,0,0.000000,0.731937,,,1,209
256,5577,256,2097152,0,74,3123.8474,3123.8284,803.3488,2317.1863,0,0.000000,0.741773,,,1,209
256,5577,256,2097152,0,75,3143.7707,3143.7505,808.1557,2331.7273,0,0.000000,0.741698,,,1,209
256,5577,256,2097152,0,76,3187.8760,3187.8547,834.9030,2349.2839,0,0.000000,0.736943,,,1,209
256,5577,256,2097152,0,77,3167.6315,3167.6104,797.2213,2366.5437,0,0.000000,0.747102,,,1,209
256,5577,256,2097152,0,78,3110.1908,3110.1711,780.2692,2325.9312,0,0.000000,0.747842,,,1,209
256,5577,256,2097152,0,79,3149.6564,3149.6345,774.0204,2371.4983,0,0.000000,0.752939,,,1,209
256,5577,256,2097152,0,80,3159.4283,3159.4072,777.6390,2377.4587,0,0.000000,0.752497,,,1,209
256,5577,256,2097152,0,81,3117.3159,3117.2942,748.3068,2364.5271,0,0.000000,0.758514,,,1,209
256,5577,256,2097152,0,82,3075.4400,3075.4167,737.2556,2333.5203,0,0.000000,0.758760,,,1,209
256,5577,256,2097152,0,83,3089.9344,3089.9128,720.9546,2364.1875,0,0.000000,0.765125,,,1,209
256,5577,256,2097152,0,84,3092.4990,3092.4751,722.8045,2364.6892,0,0.000000,0.764653,,,1,209
256,5577,256,2097152,0,85,2813.2999,2813.2776,711.3823,2096.7759,0,0.000000,0.745308,,,1,209
256,5577,256,2097152,0,86,2215.8964,2215.8718,406.0477,1804.5203,0,0.000000,0.814352,,,1,209
256,5577,256,2097152,0,87,2304.8608,2304.8391,452.4928,1846.9514,0,0.000000,0.801329,,,1,209
256,5577,256,2097152,0,88,2286.9580,2286.9370,409.4116,1871.9310,0,0.000000,0.818524,,,1,209
256,5577,256,2097152,0,89,2345.6292,2345.6077,447.0198,1892.8029,0,0.000000,0.806949,,,1,209
256,5577,256,2097152,0,90,2515.9796,2515.9602,491.6437,2018.3989,0,0.000000,0.802232,,,1,209
256,5577,256,2097152,0,91,2680.2265,2680.2070,534.4724,2139.6104,0,0.000000,0.798295,,,1,209
256,5577,256,2097152,0,92,2668.0463,2668.0251,539.7750,2121.7166,0,0.000000,0.795232,,,1,209
256,5577,256,2097152,0,93,2715.5074,2715.4875,553.6005,2155.3010,0,0.000000,0.793701,,,1,209
256,5577,256,2097152,0,94,2742.5053,2742.4863,557.6874,2178.1780,0,0.000000,0.794229,,,1,209
256,5577,256,2097152,0,95,2791.6999,2791.6816,552.3059,2232.1533,0,0.000000,0.799568,,,1,209
256,5577,256,2097152,1,64,1554.8097,1554.7733,511.3065,1042.3918,0,0.000000,0.670431,,,1,131
256,5577,256,2097152,1,65,1570.6498,1570.6252,518.8546,1050.4011,0,0.000000,0.668769,,,1,131
256,5577,256,2097152,1,66,2176.1360,2176.1147,520.9726,1653.2510,0,0.000000,0.759719,,,1,209
256,5577,256,2097152,1,67,2236.5748,2236.5532,543.6389,1690.8175,0,0.000000,0.755985,,,1,209
256,5577,256,2097152,1,68,2233.7092,2233.6868,535.0229,1696.4125,0,0.000000,0.759460,,,1,209
256,5577,256,2097152,1,69,2268.2680,2268.2471,543.2867,1722.5280,0,0.000000,0.759402,,,1,209
256,5577,256,2097152,1,70,2365.0674,2365.0461,600.6163,1761.8312,0,0.000000,0.744939,,,1,209
256,5577,256,2097152,1,71,2407.2899,2407.2673,608.5815,1795.9353,0,0.000000,0.746040,,,1,209
256,5577,256,2097152,1,72,5988.2159,5988.2031,1165.5970,4819.5630,0,0.000000,0.804841,,,1,209
256,5577,256,2097152,1,73,6363.5566,6363.5381,1415.0994,4945.1738,0,0.000000,0.777108,,,1,209
256,5577,256,2097152,1,74,2876.5542,2876.5312,1217.4093,1655.7836,0,0.000000,0.575614,,,1,209
256,5577,256,2097152,1,75,2081.7374,2081.7136,392.7902,1685.4181,0,0.000000,0.809621,,,1,209
256,5577,256,2097152,1,76,2219.9129,2219.8904,457.8829,1758.3770,0,0.000000,0.792093,,,1,209
256,5577,256,2097152,1,77,2262.1156,2262.0928,471.6141,1786.6735,0,0.000000,0.789824,,,1,209
256,5577,256,2097152,1,78,2308.5871,2308.5642,490.6069,1813.9640,0,0.000000,0.785746,,,1,209
256,5577,256,2097152,1,79,2362.2042,2362.1833,500.9165,1857.1171,0,0.000000,0.786180,,,1,209
256,5577,256,2097152,1,80,2384.6838,2384.6626,508.3549,1871.9778,0,0.000000,0.785000,,,1,209
256,5577,256,2097152,1,81,2463.6567,2463.6362,533.2084,1925.8271,0,0.000000,0.781695,,,1,209
256,5577,256,2097152,1,82,6687.8303,6687.8198,1151.9273,5531.2500,0,0.000000,0.827062,,,1,209
256,5577,256,2097152,1,83,7061.4815,7061.4619,1410.9340,5645.5796,0,0.000000,0.799489,,,1,209
256,5577,256,2097152,1,84,2500.0593,2500.0325,742.0004,1752.9735,0,0.000000,0.701173,,,1,209
256,5577,256,2097152,1,85,2258.1335,2258.1111,479.5003,1773.5317,0,0.000000,0.785397,,,1,209
256,5577,256,2097152,1,86,2211.0521,2211.0291,395.6523,1810.1516,0,0.000000,0.818683,,,1,209
256,5577,256,2097152,1,87,2336.3798,2336.3562,441.7988,1889.0463,0,0.000000,0.808536,,,1,209
256,5577,256,2097152,1,88,2446.8730,2446.8521,467.6511,1973.4755,0,0.000000,0.806530,,,1,209
256,5577,256,2097152,1,89,2478.0726,2478.0500,480.7711,1991.4938,0,0.000000,0.803646,,,1,209
256,5577,256,2097152,1,90,2569.3660,2569.3447,517.9482,2045.4407,0,0.000000,0.796088,,,1,209
256,5577,256,2097152,1,91,2634.7995,2634.7798,533.6539,2095.0432,0,0.000000,0.795143,,,1,209
256,5577,256,2097152,1,92,2718.3320,2718.3110,558.6080,2153.5171,0,0.000000,0.792220,,,1,209
256,5577,256,2097152,1,93,2748.9502,2748.9304,555.6771,2186.8057,0,0.000000,0.795506,,,1,209
256,5577,256,2097152,1,94,2829.4030,2829.3823,559.5326,2263.3130,0,0.000000,0.799926,,,1,209
256,5577,256,2097152,1,95,3027.0273,3027.0068,614.6058,2405.6660,0,0.000000,0.794729,,,1,209
256,5577,256,2097152,2,64,1479.7985,1479.7620,381.4948,1097.1998,0,0.000000,0.741452,,,1,131
256,5577,256,2097152,2,65,1579.3426,1579.3186,538.6087,1039.3450,0,0.000000,0.658087,,,1,131
256,5577,256,2097152,2,66,2040.0038,2039.9814,431.5194,1606.5845,0,0.000000,0.787540,,,1,209
256,5577,256,2097152,2,67,2162.5845,2162.5613,495.7538,1664.7067,0,0.000000,0.769776,,,1,209
256,5577,256,2097152,2,68,2191.3451,2191.3237,509.3999,1679.6451,0,0.000000,0.766490,,,1,209
256,5577,256,2097152,2,69,2214.0611,2214.0381,514.4258,1697.2069,0,0.000000,0.766558,,,1,209
256,5577,256,2097152,2,70,2243.4074,2243.3857,528.9757,1711.7994,0,0.000000,0.763035,,,1,209
256,5577,256,2097152,2,71,2259.9475,2259.9255,520.7198,1736.4039,0,0.000000,0.768338,,,1,209
256,5577,256,2097152,2,72,2264.9226,2264.9016,516.6050,1745.3682,0,0.000000,0.770608,,,1,209
256,5577,256,2097152,2,73,2281.0385,2281.0168,517.4124,1760.4675,0,0.000000,0.771783,,,1,209
256,5577,256,2097152,2,74,2311.2218,2311.2017,526.0615,1781.8873,0,0.000000,0.770972,,,1,209
256,5577,256,2097152,2,75,2349.8993,2349.8784,522.9766,1823.4008,0,0.000000,0.775948,,,1,209
256,5577,256,2097152,2,76,2384.8666,2384.8472,537.3157,1843.9440,0,0.000000,0.773185,,,1,209
256,5577,256,2097152,2,77,2254.0030,2253.9827,446.5323,1803.6405,0,0.000000,0.800194,,,1,209
256,5577,256,2097152,2,78,2518.6868,2518.6660,573.6699,1941.0834,0,0.000000,0.770673,,,1,209
256,5577,256,2097152,2,79,2759.1707,2759.1519,654.8960,2100.1514,0,0.000000,0.761153,,,1,209
256,5577,256,2097152,2,80,2626.8743,2626.8552,597.1326,2025.4636,0,0.000000,0.771055,,,1,209
256,5577,256,2097152,2,81,2634.0008,2633.9812,601.9978,2027.5131,0,0.000000,0.769747,,,1,209
256,5577,256,2097152,2,82,2623.1054,2623.0867,592.8186,2025.6333,0,0.000000,0.772227,,,1,209
256,5577,256,2097152,2,83,2632.4550,2632.4373,582.6790,2044.9976,0,0.000000,0.776840,,,1,209
256,5577,256,2097152,2,84,2647.3402,2647.3210,586.4676,2055.9333,0,0.000000,0.776603,,,1,209
256,5577,256,2097152,2,85,2707.9789,2707.9604,602.1061,2100.7786,0,0.000000,0.775774,,,1,209
256,5577,256,2097152,2,86,2710.5499,2710.5308,602.9940,2102.2922,0,0.000000,0.775596,,,1,209
256,5577,256,2097152,2,87,2626.5000,2626.4805,552.7437,2068.3506,0,0.000000,0.787493,,,1,209
256,5577,256,2097152,2,88,2810.6033,2810.5845,595.3281,2209.7061,0,0.000000,0.786203,,,1,209
256,5577,256,2097152,2,89,3053.4252,3053.4058,667.7503,2379.9143,0,0.000000,0.779424,,,1,209
256,5577,256,2097152,2,90,3142.1525,3142.1345,672.8988,2463.2825,0,0.000000,0.783947,,,1,209
256,5577,256,2097152,2,91,3212.4319,3212.4114,699.5094,2506.7600,0,0.000000,0.780331,,,1,209
256,5577,256,2097152,2,92,3373.8148,3373.7971,720.8002,2646.7986,0,0.000000,0.784512,,,1,209
256,5577,256,2097152,2,93,3421.9387,3421.9194,738.4718,2677.0930,0,0.000000,0.782332,,,1,209
256,5577,256,2097152,2,94,3393.3827,3393.3608,718.8434,2667.9158,0,0.000000,0.786211,,,1,209
256,5577,256,2097152,2,95,3425.3261,3425.3064,718.5965,2699.8855,0,0.000000,0.788213,,,1,209
512,5577,512,4194304,0,64,2109.6790,2109.6348,452.5260,1655.4729,0,0.000000,0.784704,,,1,253
512,5577,512,4194304,0,65,1634.3095,1634.2883,466.8329,1165.6122,0,0.000000,0.713214,,,1,174
512,5577,512,4194304,0,66,1647.1355,1647.1111,462.7270,1182.2739,0,0.000000,0.717776,,,1,174
512,5577,512,4194304,0,67,1748.2315,1748.2102,527.4436,1218.2946,0,0.000000,0.696873,,,1,174
512,5577,512,4194304,0,68,1767.2499,1767.2289,533.3659,1231.8705,0,0.000000,0.697055,,,1,174
512,5577,512,4194304,0,69,2407.9498,2407.9292,578.7844,1826.6499,0,0.000000,0.758591,,,1,258
512,5577,512,4194304,0,70,2398.4171,2398.3962,573.0124,1822.5725,0,0.000000,0.759906,,,1,258
512,5577,512,4194304,0,71,1899.7390,1899.7170,567.1877,1329.8567,0,0.000000,0.700021,,,1,174
512,5577,512,4194304,0,72,1912.2707,1912.2495,570.3084,1338.9757,0,0.000000,0.700202,,,1,174
512,5577,512,4194304,0,73,4967.4122,4967.3970,1096.8635,3867.3330,0,0.000000,0.778541,,,1,258
512,5577,512,4194304,0,74,3931.9913,3931.9709,1263.4917,2665.3494,0,0.000000,0.677862,,,1,174
512,5577,512,4194304,0,75,4642.6357,4642.6167,1198.7419,3440.3337,0,0.000000,0.741030,,,1,258
512,5577,512,4194304,0,76,4307.1857,4307.1641,1136.5295,3166.8440,0,0.000000,0.735247,,,1,258
512,5577,512,4194304,0,77,2775.8361,2775.8125,1051.3054,1720.5894,0,0.000000,0.619845,,,1,258
512,5577,512,4194304,0,78,2205.0413,2205.0176,417.7878,1783.1461,0,0.000000,0.808668,,,1,258
512,5577,512,4194304,0,79,2191.0024,2190.9783,410.2862,1776.3735,0,0.000000,0.810758,,,1,258
512,5577,512,4194304,0,80,2268.8053,2268.7822,437.7153,1826.5548,0,0.000000,0.805073,,,1,258
512,5577,512,4194304,0,81,2366.5185,2366.4963,470.4416,1891.3502,0,0.000000,0.799212,,,1,258
512,5577,512,4194304,0,82,2471.0598,2471.0383,516.7271,1949.4272,0,0.000000,0.788903,,,1,258
512,5577,512,4194304,0,83,2484.7225,2484.7017,507.4748,1972.1001,0,0.000000,0.793690,,,1,258
512,5577,512,4194304,0,84,2372.3974,2372.3750,441.2597,1925.8027,0,0.000000,0.811754,,,1,258
512,5577,512,4194304,0,85,2522.4492,2522.4294,513.8476,2003.0446,0,0.000000,0.794087,,,1,258
512,5577,512,4194304,0,86,2577.5822,2577.5620,522.2998,2049.5798,0,0.000000,0.795156,,,1,258
512,5577,512,4194304,0,87,2769.4805,2769.4614,540.6949,2222.8843,0,0.000000,0.802636,,,1,258
512,5577,512,4194304,0,88,4883.7580,4883.7427,1049.5138,3828.1423,0,0.000000,0.783852,,,1,258
512,5577,512,4194304,0,89,4715.6272,4715.6089,1081.4240,3627.8870,0,0.000000,0.769333,,,1,258
512,5577,512,4194304,0,90,4521.1412,4521.1216,1025.0579,3489.5217,0,0.000000,0.771823,,,1,258
512,5577,512,4194304,0,91,3186.3578,3186.3337,937.4915,2242.1055,0,0.000000,0.703658,,,1,258
512,5577,512,4194304,0,92,2476.8693,2476.8462,436.0968,2033.7574,0,0.000000,0.821100,,,1,258
512,5577,512,4194304,0,93,2519.3293,2519.3066,460.8890,2051.3589,0,0.000000,0.814248,,,1,258
512,5577,512,4194304,0,94,2755.6104,2755.5872,546.1318,2202.1562,0,0.000000,0.799154,,,1,258
512,5577,512,4194304,0,95,2756.5864,2756.5642,531.9765,2217.1050,0,0.000000,0.804294,,,1,258
512,5577,512,4194304,1,64,2205.8332,2205.7974,508.8189,1695.5197,0,0.000000,0.768653,,,1,253
512,5577,512,4194304,1,65,1932.5586,1932.5361,681.2097,1249.7893,0,0.000000,0.646702,,,1,174
512,5577,512,4194304,1,66,1678.6626,1678.6404,493.1131,1183.8271,0,0.000000,0.705220,,,1,174
512,5577,512,4194304,1,67,1717.1683,1717.1459,508.8536,1206.4584,0,0.000000,0.702586,,,1,174
512,5577,512,4194304,1,68,1710.8222,1710.7996,505.4268,1203.4375,0,0.000000,0.703426,,,1,174
512,5577,512,4194304,1,69,2366.0583,2366.0374,573.7749,1789.7819,0,0.000000,0.756440,,,1,258
512,5577,512,4194304,1,70,2359.4745,2359.4534,553.5845,1803.2419,0,0.000000,0.764256,,,1,258
512,5577,512,4194304,1,71,1863.8776,1863.8556,554.5912,1306.7687,0,0.000000,0.701102,,,1,174
512,5577,512,4194304,1,72,1877.7342,1877.7114,565.5336,1309.5225,0,0.000000,0.697395,,,1,174
512,5577,512,4194304,1,73,2450.5471,2450.5261,563.1724,1884.2048,0,0.000000,0.768892,,,1,258
512,5577,512,4194304,1,74,1937.9917,1937.9707,572.5600,1362.3837,0,0.000000,0.702987,,,1,174
512,5577,512,4194304,1,75,2485.3204,2485.2998,571.8518,1909.9634,0,0.000000,0.768498,,,1,258
512,5577,512,4194304,1,76,2477.1309,2477.1108,559.3657,1914.0671,0,0.000000,0.772695,,,1,258
512,5577,512,4194304,1,77,2562.1802,2562.1589,583.8115,1974.4766,0,0.000000,0.770624,,,1,258
512,5577,512,4194304,1,78,2587.8560,2587.8328,585.1071,1998.6277,0,0.000000,0.772310,,,1,258
512,5577,512,4194304,1,79,2653.7378,2653.7156,606.9792,2042.4691,0,0.000000,0.769657,,,1,258
512,5577,512,4194304,1,80,2701.7576,2701.7378,613.3723,2083.8052,0,0.000000,0.771278,,,1,258
512,5577,512,4194304,1,81,3010.7289,3010.7087,697.6182,2308.3462,0,0.000000,0.766707,,,1,258
512,5577,512,4194304,1,82,3005.7043,3005.6826,693.9856,2306.7141,0,0.000000,0.767445,,,1,258
512,5577,512,4194304,1,83,3014.5284,3014.5081,692.4184,2316.9153,0,0.000000,0.768583,,,1,258
512,5577,512,4194304,1,84,3028.4850,3028.4648,682.8919,2340.2207,0,0.000000,0.772736,,,1,258
512,5577,512,4194304,1,85,3044.6985,3044.6768,678.9926,2360.1597,0,0.000000,0.775170,,,1,258
512,5577,512,4194304,1,86,3067.2036,3067.1824,681.7639,2379.6467,0,0.000000,0.775836,,,1,258
512,5577,512,4194304,1,87,3082.6839,3082.6628,671.0794,2405.5903,0,0.000000,0.780356,,,1,258
512,5577,512,4194304,1,88,3094.1844,3094.1636,671.0968,2416.9163,0,0.000000,0.781116,,,1,258
512,5577,512,4194304,1,89,3161.4906,3161.4692,681.1857,2473.6301,0,0.000000,0.782425,,,1,258
512,5577,512,4194304,1,90,3165.0900,3165.0671,680.3112,2478.0884,0,0.000000,0.782944,,,1,258
512,5577,512,4194304,1,91,3139.5014,3139.4788,657.3816,2475.0176,0,0.000000,0.788347,,,1,258
512,5577,512,4194304,1,92,3153.4365,3153.4133,659.0211,2487.4426,0,0.000000,0.788804,,,1,258
512,5577,512,4194304,1,93,3200.1564,3200.1348,659.5384,2533.5217,0,0.000000,0.791687,,,1,258
512,5577,512,4194304,1,94,3152.8231,3152.8008,645.8354,2499.4070,0,0.000000,0.792752,,,1,258
512,5577,512,4194304,1,95,3180.1630,3180.1406,645.0778,2527.4502,0,0.000000,0.794755,,,1,258
512,5577,512,4194304,2,64,2049.6980,2049.6531,396.0623,1651.9999,0,0.000000,0.805972,,,1,253
512,5577,512,4194304,2,65,1616.3105,1616.2854,462.0512,1152.4423,0,0.000000,0.713008,,,1,174
512,5577,512,4194304,2,66,1613.2000,1613.1768,456.0273,1155.3649,0,0.000000,0.716194,,,1,174
512,5577,512,4194304,2,67,1730.3626,1730.3409,525.4329,1203.0793,0,0.000000,0.695276,,,1,174
512,5577,512,4194304,2,68,1701.3015,1701.2797,500.1003,1199.2069,0,0.000000,0.704876,,,1,174
512,5577,512,4194304,2,69,2316.5476,2316.5259,518.3939,1795.6257,0,0.000000,0.775130,,,1,258
512,5577,512,4194304,2,70,2446.1694,2446.1492,589.4483,1853.9662,0,0.000000,0.757906,,,1,258
512,5577,512,4194304,2,71,1898.0724,1898.0498,569.6853,1325.8457,0,0.000000,0.698522,,,1,174
512,5577,512,4194304,2,72,1890.0137,1889.9899,569.3082,1318.0220,0,0.000000,0.697361,,,1,174
512,5577,512,4194304,2,73,2409.3401,2409.3191,551.5049,1854.6350,0,0.000000,0.769769,,,1,258
512,5577,512,4194304,2,74,1960.6503,1960.6287,595.1195,1362.4436,0,0.000000,0.694894,,,1,174
512,5577,512,4194304,2,75,2502.9206,2502.8989,594.4936,1904.8723,0,0.000000,0.761060,,,1,258
512,5577,512,4194304,2,76,2499.9019,2499.8816,571.7443,1924.4235,0,0.000000,0.769800,,,1,258
512,5577,512,4194304,2,77,2531.8969,2531.8770,580.3768,1947.5980,0,0.000000,0.769225,,,1,258
512,5577,512,4194304,2,78,2382.1497,2382.1294,488.8002,1889.2030,0,0.000000,0.793066,,,1,258
512,5577,512,4194304,2,79,2535.8104,2535.7908,551.3494,1980.1068,0,0.000000,0.780858,,,1,258
512,5577,512,4194304,2,80,2806.7604,2806.7419,785.7428,2016.4465,0,0.000000,0.718425,,,1,258
512,5577,512,4194304,2,81,2621.1253,2621.0945,571.3848,2044.9669,0,0.000000,0.780187,,,1,258
512,5577,512,4194304,2,82,6876.7915,6876.7544,1181.8196,5689.8765,0,0.000000,0.827403,,,1,258
512,5577,512,4194304,2,83,7169.2782,7169.2334,1417.5488,5746.0840,0,0.000000,0.801487,,,1,258
512,5577,512,4194304,2,84,3200.7688,3200.7324,1404.9163,1790.0266,0,0.000000,0.559249,,,1,258
512,5577,512,4194304,2,85,2381.3962,2381.3633,446.6743,1928.9766,0,0.000000,0.810019,,,1,258
512,5577,512,4194304,2,86,2377.2011,2377.1670,456.3899,1914.8779,0,0.000000,0.805518,,,1,258
512,5577,512,4194304,2,87,2705.3776,2705.3447,567.8382,2131.1572,0,0.000000,0.787749,,,1,258
512,5577,512,4194304,2,88,2870.8671,2870.8350,620.2136,2244.2847,0,0.000000,0.781745,,,1,258
512,5577,512,4194304,2,89,2918.2892,2918.2566,629.0759,2282.8223,0,0.000000,0.782247,,,1,258
512,5577,512,4194304,2,90,2909.9184,2909.8882,611.7498,2291.4333,0,0.000000,0.787456,,,1,258
512,5577,512,4194304,2,91,2934.8827,2934.8508,610.6874,2316.9749,0,0.000000,0.789461,,,1,258
512,5577,512,4194304,2,92,2966.6546,2966.6211,618.9832,2339.8994,0,0.000000,0.788733,,,1,258
512,5577,512,4194304,2,93,3011.7080,3011.6753,602.9810,2401.0408,0,0.000000,0.797236,,,1,258
512,5577,512,4194304,2,94,3130.5913,3130.5593,646.4554,2476.4153,0,0.000000,0.791038,,,1,258
512,5577,512,4194304,2,95,3192.0166,3191.9736,673.5628,2510.0916,0,0.000000,0.786365,,,1,258
1024,5577,1024,8388608,0,64,2127.1722,2127.1243,385.7779,1739.5879,0,0.000000,0.817794,,,1,225
1024,5577,1024,8388608,0,65,2238.9662,2238.9355,447.4245,1788.8303,0,0.000000,0.798954,,,1,225
1024,5577,1024,8388608,0,66,1172.7008,1172.6741,513.6923,657.4492,0,0.000000,0.560628,,,1,63
1024,5577,1024,8388608,0,67,2151.2190,2151.1921,377.9015,1771.1671,0,0.000000,0.823332,,,1,232
1024,5577,1024,8388608,0,68,2522.2497,2522.2209,560.0098,1959.7024,0,0.000000,0.776966,,,1,232
1024,5577,1024,8388608,0,69,2659.5091,2659.4722,606.4375,2049.9814,0,0.000000,0.770812,,,1,232
1024,5577,1024,8388608,0,70,2490.1807,2490.1531,528.1178,1959.1077,0,0.000000,0.786733,,,1,232
1024,5577,1024,8388608,0,71,1613.6998,1613.6732,728.6971,882.8303,0,0.000000,0.547085,,,1,63
1024,5577,1024,8388608,0,72,1375.2565,1375.2305,576.3285,796.7620,0,0.000000,0.579355,,,1,63
1024,5577,1024,8388608,0,73,6810.9644,6810.9307,1161.7674,5645.9258,0,0.000000,0.828947,,,1,232
1024,5577,1024,8388608,0,74,2567.6791,2567.6470,1366.7199,1198.2079,0,0.000000,0.466650,,,1,63
1024,5577,1024,8388608,0,75,964.5925,964.5649,384.9010,577.2595,0,0.000000,0.598449,,,1,63
1024,5577,1024,8388608,0,76,983.3778,983.3516,396.0633,584.8265,0,0.000000,0.594712,,,1,63
1024,5577,1024,8388608,0,77,2288.7050,2288.6748,438.5228,1846.6803,0,0.000000,0.806867,,,1,232
1024,5577,1024,8388608,0,78,2250.6113,2250.5833,415.9950,1830.8895,0,0.000000,0.813508,,,1,232
1024,5577,1024,8388608,0,79,2559.3730,2559.3418,535.7783,2019.9045,0,0.000000,0.789219,,,1,232
1024,5577,1024,8388608,0,80,1561.2924,1561.2650,622.4498,935.7155,0,0.000000,0.599321,,,1,63
1024,5577,1024,8388608,0,81,3076.9532,3076.9238,678.3802,2394.6396,0,0.000000,0.778250,,,1,232
1024,5577,1024,8388608,0,82,3102.1582,3102.1284,675.6403,2422.3142,0,0.000000,0.780848,,,1,232
1024,5577,1024,8388608,0,83,3096.4729,3096.4436,662.6717,2429.4167,0,0.000000,0.784575,,,1,232
1024,5577,1024,8388608,0,84,3043.0700,3043.0393,627.4326,2411.0581,0,0.000000,0.792311,,,1,232
1024,5577,1024,8388608,0,85,1761.1035,1761.0756,665.1157,1092.1040,0,0.000000,0.620125,,,1,63
1024,5577,1024,8388608,0,86,3125.9902,3125.9604,663.9162,2457.3108,0,0.000000,0.786090,,,1,232
1024,5577,1024,8388608,0,87,3142.6814,3142.6506,662.3771,2475.3037,0,0.000000,0.787641,,,1,232
1024,5577,1024,8388608,0,88,3181.1771,3181.1465,658.2206,2517.7637,0,0.000000,0.791457,,,1,232
1024,5577,1024,8388608,0,89,3150.9649,3150.9348,650.3297,2495.3464,0,0.000000,0.791931,,,1,232
1024,5577,1024,8388608,0,90,3179.0186,3178.9878,654.1946,2519.3362,0,0.000000,0.792489,,,1,232
1024,5577,1024,8388608,0,91,3183.1903,3183.1602,649.1689,2528.2595,0,0.000000,0.794253,,,1,232
1024,5577,1024,8388608,0,92,3212.5482,3212.5173,642.6553,2564.0115,0,0.000000,0.798124,,,1,232
1024,5577,1024,8388608,0,93,3009.0359,3009.0046,643.4885,2359.4392,0,0.000000,0.784118,,,1,232
1024,5577,1024,8388608,0,94,2436.4620,2436.4314,412.2395,2017.8789,0,0.000000,0.828200,,,1,232
1024,5577,1024,8388608,0,95,2905.6059,2905.5757,553.7138,2345.0801,0,0.000000,0.807088,,,1,232
1024,5577,1024,8388608,1,64,2357.4191,2357.3784,512.0011,1843.8740,0,0.000000,0.782158,,,1,225
1024,5577,1024,8388608,1,65,2669.0971,2669.0676,527.7806,2139.0979,0,0.000000,0.801431,,,1,225
1024,5577,1024,8388608,1,66,1264.4049,1264.3783,545.2379,717.8145,0,0.000000,0.567709,,,1,63
1024,5577,1024,8388608,1,67,2488.0168,2487.9883,551.2011,1934.6622,0,0.000000,0.777592,,,1,232
1024,5577,1024,8388608,1,68,2491.3640,2491.3364,551.9559,1937.0887,0,0.000000,0.777521,,,1,232
1024,5577,1024,8388608,1,69,2605.1949,2605.1672,593.1358,2009.5193,0,0.000000,0.771351,,,1,232
1024,5577,1024,8388608,1,70,2654.6030,2654.5740,611.2265,2040.6433,0,0.000000,0.768719,,,1,232
1024,5577,1024,8388608,1,71,1416.9435,1416.9176,586.1580,828.6824,0,0.000000,0.584838,,,1,63
1024,5577,1024,8388608,1,72,1433.8587,1433.8334,600.4686,831.2628,0,0.000000,0.579738,,,1,63
1024,5577,1024,8388608,1,73,2655.7609,2655.7334,586.3061,2066.4233,0,0.000000,0.778091,,,1,232
1024,5577,1024,8388608,1,74,1426.0396,1426.0138,584.3915,839.2825,0,0.000000,0.588541,,,1,63
1024,5577,1024,8388608,1,75,1450.2891,1450.2634,601.5033,846.3312,0,0.000000,0.583560,,,1,63
1024,5577,1024,8388608,1,76,1452.1206,1452.0942,592.3302,857.2960,0,0.000000,0.590375,,,1,63
1024,5577,1024,8388608,1,77,2699.9890,2699.9604,593.3304,2103.2766,0,0.000000,0.778995,,,1,232
1024,5577,1024,8388608,1,78,2697.4958,2697.4673,595.0258,2098.8799,0,0.000000,0.778085,,,1,232
1024,5577,1024,8388608,1,79,2732.5609,2732.5330,591.1332,2137.6819,0,0.000000,0.782300,,,1,232
1024,5577,1024,8388608,1,80,1481.1832,1481.1564,588.7813,889.2740,0,0.000000,0.600381,,,1,63
1024,5577,1024,8388608,1,81,2747.0410,2747.0134,588.3923,2154.6511,0,0.000000,0.784353,,,1,232
1024,5577,1024,8388608,1,82,2748.2454,2748.2170,582.0358,2162.0159,0,0.000000,0.786690,,,1,232
1024,5577,1024,8388608,1,83,2792.8691,2792.8396,583.6966,2204.8127,0,0.000000,0.789444,,,1,232
1024,5577,1024,8388608,1,84,2801.3959,2801.3687,578.4906,2218.3481,0,0.000000,0.791872,,,1,232
1024,5577,1024,8388608,1,85,1539.8373,1539.8115,571.3269,964.5808,0,0.000000,0.626417,,,1,63
1024,5577,1024,8388608,1,86,2796.5317,2796.4944,574.8548,2215.8840,0,0.000000,0.792369,,,1,232
1024,5577,1024,8388608,1,87,2816.9890,2816.9565,581.3686,2229.3174,0,0.000000,0.791383,,,1,232
1024,5577,1024,8388608,1,88,2835.9552,2835.9246,571.2570,2257.7048,0,0.000000,0.796100,,,1,232
1024,5577,1024,8388608,1,89,2870.7580,2870.7275,581.1838,2282.9475,0,0.000000,0.795242,,,1,232
1024,5577,1024,8388608,1,90,2944.3192,2944.2847,574.9632,2362.8506,0,0.000000,0.802512,,,1,232
1024,5577,1024,8388608,1,91,3089.7821,3089.7510,630.6605,2452.1113,0,0.000000,0.793620,,,1,232
1024,5577,1024,8388608,1,92,3125.1333,3125.1035,617.3165,2501.3550,0,0.000000,0.800399,,,1,232
1024,5577,1024,8388608,1,93,3151.6209,3151.5901,630.0260,2514.9822,0,0.000000,0.797996,,,1,232
1024,5577,1024,8388608,1,94,3054.3138,3054.2871,600.6663,2446.9197,0,0.000000,0.801136,,,1,232
1024,5577,1024,8388608,1,95,3089.3857,3089.3555,601.4610,2481.2849,0,0.000000,0.803165,,,1,232
1024,5577,1024,8388608,2,64,2379.3411,2379.2952,535.0386,1842.6202,0,0.000000,0.774425,,,1,225
1024,5577,1024,8388608,2,65,2360.9334,2360.9031,519.8088,1839.0037,0,0.000000,0.778931,,,1,225
1024,5577,1024,8388608,2,66,1210.6961,1210.6689,527.4178,681.9831,0,0.000000,0.563298,,,1,63
1024,5577,1024,8388608,2,67,2425.8662,2425.8364,531.2454,1892.3065,0,0.000000,0.780054,,,1,232
1024,5577,1024,8388608,2,68,2468.0843,2468.0559,534.9344,1930.4937,0,0.000000,0.782183,,,1,232
1024,5577,1024,8388608,2,69,2495.9740,2495.9443,544.5607,1948.8375,0,0.000000,0.780792,,,1,232
1024,5577,1024,8388608,2,70,2501.9753,2501.9468,549.2858,1949.8225,0,0.000000,0.779313,,,1,232
1024,5577,1024,8388608,2,71,1348.3632,1348.3358,561.5515,784.4762,0,0.000000,0.581799,,,1,63
1024,5577,1024,8388608,2,72,1369.1055,1369.0795,565.8510,801.1144,0,0.000000,0.585137,,,1,63
1024,5577,1024,8388608,2,73,2582.5867,2582.5588,560.3617,2019.1528,0,0.000000,0.781834,,,1,232
1024,5577,1024,8388608,2,74,1466.8581,1466.8309,601.9359,862.4982,0,0.000000,0.587990,,,1,63
1024,5577,1024,8388608,2,75,1588.8292,1588.8005,601.2559,985.1547,0,0.000000,0.620051,,,1,63
1024,5577,1024,8388608,2,76,1425.8475,1425.8204,584.7776,838.5926,0,0.000000,0.588136,,,1,63
1024,5577,1024,8388608,2,77,2701.3178,2701.2903,593.3195,2104.6208,0,0.000000,0.779109,,,1,232
1024,5577,1024,8388608,2,78,2688.0942,2688.0659,588.2055,2096.3796,0,0.000000,0.779876,,,1,232
1024,5577,1024,8388608,2,79,2796.7585,2796.7312,612.2247,2180.8638,0,0.000000,0.779783,,,1,232
1024,5577,1024,8388608,2,80,1527.4828,1527.4561,610.9863,913.4178,0,0.000000,0.597989,,,1,63
1024,5577,1024,8388608,2,81,2818.2722,2818.2427,601.7706,2212.5442,0,0.000000,0.785071,,,1,232
1024,5577,1024,8388608,2,82,3063.6260,3063.5957,700.5100,2358.9634,0,0.000000,0.769991,,,1,232
1024,5577,1024,8388608,2,83,3064.4183,3064.3909,664.1083,2395.9995,0,0.000000,0.781877,,,1,232
1024,5577,1024,8388608,2,84,3039.6793,3039.6509,639.1901,2395.9529,0,0.000000,0.788226,,,1,232
1024,5577,1024,8388608,2,85,1711.1818,1711.1537,641.4548,1065.7825,0,0.000000,0.622834,,,1,63
1024,5577,1024,8388608,2,86,3047.0065,3046.9773,633.0734,2409.2029,0,0.000000,0.790679,,,1,232
1024,5577,1024,8388608,2,87,3060.1678,3060.1394,640.6018,2414.6335,0,0.000000,0.789053,,,1,232
1024,5577,1024,8388608,2,88,3077.8662,3077.8367,625.5320,2447.2485,0,0.000000,0.795112,,,1,232
1024,5577,1024,8388608,2,89,3071.8425,3071.8118,625.6630,2440.8533,0,0.000000,0.794589,,,1,232
1024,5577,1024,8388608,2,90,3096.8460,3096.8164,626.2447,2465.1411,0,0.000000,0.796017,,,1,232
1024,5577,1024,8388608,2,91,3094.6913,3094.6619,619.7894,2469.2029,0,0.000000,0.797883,,,1,232
1024,5577,1024,8388608,2,92,3127.5229,3127.4932,622.2486,2499.4485,0,0.000000,0.799178,,,1,232
1024,5577,1024,8388608,2,93,3140.4980,3140.4695,635.5954,2498.9167,0,0.000000,0.795707,,,1,232
1024,5577,1024,8388608,2,94,3142.3472,3142.3159,614.8220,2521.2532,0,0.000000,0.802347,,,1,232
1024,5577,1024,8388608,2,95,3157.1229,3157.0938,609.9299,2540.7498,0,0.000000,0.804767,,,1,232
2048,5577,2048,16777216,0,64,2317.4181,2317.3750,416.1757,1899.5741,0,0.000000,0.819694,,,1,251
2048,5577,2048,16777216,0,65,1205.1128,1205.0793,485.9283,717.6943,0,0.000000,0.595541,,,1,67
2048,5577,2048,16777216,0,66,1202.2720,1202.2450,391.8145,809.3077,0,0.000000,0.673149,,,1,67
2048,5577,2048,16777216,0,67,1181.3240,1181.2964,438.3813,741.7463,0,0.000000,0.627894,,,1,67
2048,5577,2048,16777216,0,68,1875.5742,1875.5472,515.1609,1358.8531,0,0.000000,0.724500,,,1,112
2048,5577,2048,16777216,0,69,1701.5354,1701.5084,440.1305,1259.7250,0,0.000000,0.740346,,,1,96
2048,5577,2048,16777216,0,70,2236.3733,2236.3467,503.3738,1731.2910,0,0.000000,0.774151,,,1,96
2048,5577,2048,16777216,0,71,1767.5137,1767.4867,1051.0442,714.9160,0,0.000000,0.404475,,,1,67
2048,5577,2048,16777216,0,72,1416.0323,1416.0062,488.9347,925.5379,0,0.000000,0.653614,,,1,67
2048,5577,2048,16777216,0,73,1380.6981,1380.6729,474.6282,904.4363,0,0.000000,0.655057,,,1,67
2048,5577,2048,16777216,0,74,1689.7559,1689.7300,448.6504,1239.1934,0,0.000000,0.733356,,,1,96
2048,5577,2048,16777216,0,75,1841.5331,1841.5078,506.3149,1333.2039,0,0.000000,0.723964,,,1,96
2048,5577,2048,16777216,0,76,1859.7077,1859.6815,532.7433,1324.8832,0,0.000000,0.712415,,,1,96
2048,5577,2048,16777216,0,77,1884.7864,1884.7610,532.9611,1349.6598,0,0.000000,0.716081,,,1,96
2048,5577,2048,16777216,0,78,2016.0433,2016.0177,542.6919,1471.1010,0,0.000000,0.729697,,,1,96
2048,5577,2048,16777216,0,79,2010.7548,2010.7279,563.4697,1444.9324,0,0.000000,0.718602,,,1,96
2048,5577,2048,16777216,0,80,2015.8949,2015.8693,568.0979,1445.3734,0,0.000000,0.716988,,,1,96
2048,5577,2048,16777216,0,81,2362.4142,2362.3889,813.0367,1546.9047,0,0.000000,0.654798,,,1,96
2048,5577,2048,16777216,0,82,1982.9768,1982.9507,557.2159,1423.2014,0,0.000000,0.717710,,,1,96
2048,5577,2048,16777216,0,83,2900.3987,2900.3728,560.8899,2336.8337,0,0.000000,0.805694,,,1,96
2048,5577,2048,16777216,0,84,2059.4090,2059.3826,594.7600,1461.8981,0,0.000000,0.709863,,,1,96
2048,5577,2048,16777216,0,85,2015.8442,2015.8177,556.5472,1456.5101,0,0.000000,0.722531,,,1,96
2048,5577,2048,16777216,0,86,2018.6105,2018.5841,568.5387,1447.1960,0,0.000000,0.716927,,,1,96
2048,5577,2048,16777216,0,87,2975.0924,2975.0654,558.2340,2413.3474,0,0.000000,0.811184,,,1,234
2048,5577,2048,16777216,0,88,3083.0870,3083.0601,578.5572,2500.8064,0,0.000000,0.811137,,,1,234
2048,5577,2048,16777216,0,89,2159.1624,2159.1355,586.1610,1569.6482,0,0.000000,0.726971,,,1,96
2048,5577,2048,16777216,0,90,2141.7143,2141.6880,576.5759,1561.7080,0,0.000000,0.729186,,,1,96
2048,5577,2048,16777216,0,91,2136.4992,2136.4724,567.8006,1565.1826,0,0.000000,0.732592,,,1,96
2048,5577,2048,16777216,0,92,2136.5532,2136.5271,575.2543,1557.7190,0,0.000000,0.729080,,,1,96
2048,5577,2048,16777216,0,93,2196.8643,2196.8384,619.5688,1573.6392,0,0.000000,0.716311,,,1,96
2048,5577,2048,16777216,0,94,2156.7821,2156.7546,569.5460,1583.5115,0,0.000000,0.734201,,,1,96
2048,5577,2048,16777216,0,95,2147.5795,2147.5530,569.1480,1574.5963,0,0.000000,0.733196,,,1,96
2048,5577,2048,16777216,1,64,2658.2715,2658.2368,517.8833,2138.8672,0,0.000000,0.804608,,,1,251
2048,5577,2048,16777216,1,65,1491.8979,1491.8711,531.2563,959.5239,0,0.000000,0.643157,,,1,67
2048,5577,2048,16777216,1,66,1454.5432,1454.5168,518.6203,934.7366,0,0.000000,0.642632,,,1,67
2048,5577,2048,16777216,1,67,1504.1828,1504.1560,562.4207,940.5532,0,0.000000,0.625292,,,1,67
2048,5577,2048,16777216,1,68,1942.8066,1942.7797,534.9990,1406.2994,0,0.000000,0.723849,,,1,112
2048,5577,2048,16777216,1,69,1859.0785,1859.0522,517.9007,1339.5623,0,0.000000,0.720552,,,1,96
2048,5577,2048,16777216,1,70,1907.3984,1907.3716,531.6467,1374.0586,0,0.000000,0.720384,,,1,96
2048,5577,2048,16777216,1,71,1490.7418,1490.7152,516.0123,973.1938,0,0.000000,0.652825,,,1,67
2048,5577,2048,16777216,1,72,1488.5935,1488.5684,508.6229,978.3761,0,0.000000,0.657249,,,1,67
2048,5577,2048,16777216,1,73,1526.4097,1526.3829,514.8716,1009.9035,0,0.000000,0.661620,,,1,67
2048,5577,2048,16777216,1,74,1852.0010,1851.9747,514.9123,1335.1566,0,0.000000,0.720927,,,1,96
2048,5577,2048,16777216,1,75,1977.9916,1977.9653,568.2395,1407.7150,0,0.000000,0.711689,,,1,96
2048,5577,2048,16777216,1,76,1931.9889,1931.9626,541.7896,1388.1266,0,0.000000,0.718496,,,1,96
2048,5577,2048,16777216,1,77,1927.7953,1927.7687,539.2904,1386.3025,0,0.000000,0.719113,,,1,96
2048,5577,2048,16777216,1,78,1959.2286,1959.2014,525.8384,1431.1373,0,0.000000,0.730460,,,1,96
2048,5577,2048,16777216,1,79,1974.9785,1974.9509,548.1979,1424.4128,0,0.000000,0.721230,,,1,96
2048,5577,2048,16777216,1,80,1940.3762,1940.3507,533.0006,1404.9622,0,0.000000,0.724067,,,1,96
2048,5577,2048,16777216,1,81,1987.1391,1987.1136,541.2965,1443.3549,0,0.000000,0.726348,,,1,96
2048,5577,2048,16777216,1,82,2027.8816,2027.8546,572.0996,1453.1986,0,0.000000,0.716609,,,1,96
2048,5577,2048,16777216,1,83,2019.7408,2019.7141,555.0613,1462.0065,0,0.000000,0.723858,,,1,96
2048,5577,2048,16777216,1,84,1998.8527,1998.8258,537.9193,1458.1836,0,0.000000,0.729510,,,1,96
2048,5577,2048,16777216,1,85,2018.6477,2018.6227,553.3142,1462.5201,0,0.000000,0.724505,,,1,96
2048,5577,2048,16777216,1,86,2016.7021,2016.6765,540.2151,1473.5944,0,0.000000,0.730695,,,1,96
2048,5577,2048,16777216,1,87,2972.5395,2972.5154,552.1388,2416.8689,0,0.000000,0.813065,,,1,234
2048,5577,2048,16777216,1,88,3010.8726,3010.8479,541.1687,2465.9968,0,0.000000,0.819031,,,1,234
2048,5577,2048,16777216,1,89,2424.3196,2424.2939,850.7918,1570.1848,0,0.000000,0.647681,,,1,96
2048,5577,2048,16777216,1,90,2185.2443,2185.2200,594.5702,1587.2854,0,0.000000,0.726365,,,1,96
2048,5577,2048,16777216,1,91,2176.6354,2176.6106,588.1534,1584.9840,0,0.000000,0.728181,,,1,96
2048,5577,2048,16777216,1,92,2193.3300,2193.3008,586.5680,1603.1792,0,0.000000,0.730934,,,1,96
2048,5577,2048,16777216,1,93,2207.2110,2207.1848,582.4388,1621.0994,0,0.000000,0.734456,,,1,96
2048,5577,2048,16777216,1,94,2208.4317,2208.4041,584.0550,1620.5942,0,0.000000,0.733821,,,1,96
2048,5577,2048,16777216,1,95,2214.1839,2214.1565,595.7622,1614.5549,0,0.000000,0.729187,,,1,96
2048,5577,2048,16777216,2,64,2689.4850,2689.4419,519.9273,2167.8965,0,0.000000,0.806064,,,1,251
2048,5577,2048,16777216,2,65,1479.5756,1479.5496,517.8442,960.3371,0,0.000000,0.649063,,,1,67
2048,5577,2048,16777216,2,66,1524.5771,1524.5513,530.8921,992.4933,0,0.000000,0.650996,,,1,67
2048,5577,2048,16777216,2,67,1479.2030,1479.1777,527.1422,950.8273,0,0.000000,0.642797,,,1,67
2048,5577,2048,16777216,2,68,1911.0392,1911.0127,525.2583,1384.1812,0,0.000000,0.724308,,,1,112
2048,5577,2048,16777216,2,69,1927.8080,1927.7821,544.5798,1381.5223,0,0.000000,0.716629,,,1,96
2048,5577,2048,16777216,2,70,1857.0369,1857.0121,533.3540,1321.9885,0,0.000000,0.711881,,,1,96
2048,5577,2048,16777216,2,71,1534.0913,1534.0662,527.1669,1005.4002,0,0.000000,0.655372,,,1,67
2048,5577,2048,16777216,2,72,1631.5343,1631.5087,546.4826,1083.4818,0,0.000000,0.664088,,,1,67
2048,5577,2048,16777216,2,73,1595.0408,1595.0155,541.5644,1051.8304,0,0.000000,0.659438,,,1,67
2048,5577,2048,16777216,2,74,1897.2042,1897.1776,540.2325,1355.0493,0,0.000000,0.714235,,,1,96
2048,5577,2048,16777216,2,75,1897.2304,1897.2043,527.4271,1367.7848,0,0.000000,0.720938,,,1,96
2048,5577,2048,16777216,2,76,1900.2231,1900.1981,523.3222,1374.8124,0,0.000000,0.723501,,,1,96
2048,5577,2048,16777216,2,77,1930.0804,1930.0557,549.1390,1378.7799,0,0.000000,0.714364,,,1,96
2048,5577,2048,16777216,2,78,1964.4798,1964.4531,521.6200,1440.6154,0,0.000000,0.733332,,,1,96
2048,5577,2048,16777216,2,79,1965.0554,1965.0295,551.5482,1411.1392,0,0.000000,0.718117,,,1,96
2048,5577,2048,16777216,2,80,1940.8184,1940.7927,527.7963,1410.6113,0,0.000000,0.726813,,,1,96
2048,5577,2048,16777216,2,81,1994.7817,1994.7572,549.6952,1442.5717,0,0.000000,0.723173,,,1,96
2048,5577,2048,16777216,2,82,2049.3732,2049.3484,571.1547,1475.6569,0,0.000000,0.720053,,,1,96
2048,5577,2048,16777216,2,83,2009.2628,2009.2371,562.2877,1444.3281,0,0.000000,0.718835,,,1,96
2048,5577,2048,16777216,2,84,1939.2108,1939.1835,529.6951,1406.7676,0,0.000000,0.725433,,,1,96
2048,5577,2048,16777216,2,85,2042.7719,2042.7468,559.8320,1480.1094,0,0.000000,0.724559,,,1,96
2048,5577,2048,16777216,2,86,2060.9237,2060.8992,557.5002,1500.5139,0,0.000000,0.728078,,,1,96
2048,5577,2048,16777216,2,87,2956.1383,2956.1152,528.0682,2424.5605,0,0.000000,0.820178,,,1,234
2048,5577,2048,16777216,2,88,2931.8647,2931.8403,537.7550,2390.3489,0,0.000000,0.815300,,,1,234
2048,5577,2048,16777216,2,89,2132.0551,2132.0288,551.0613,1577.6461,0,0.000000,0.739965,,,1,96
2048,5577,2048,16777216,2,90,2137.7601,2137.7349,573.3886,1560.9491,0,0.000000,0.730180,,,1,96
2048,5577,2048,16777216,2,91,2209.7466,2209.7219,592.1634,1614.0829,0,0.000000,0.730438,,,1,96
2048,5577,2048,16777216,2,92,2212.7936,2212.7676,593.4861,1615.7012,0,0.000000,0.730164,,,1,96
2048,5577,2048,16777216,2,93,2228.3261,2228.3015,593.2874,1631.4027,0,0.000000,0.732120,,,1,96
2048,5577,2048,16777216,2,94,2517.9352,2517.9102,749.3792,1764.7817,0,0.000000,0.700884,,,1,96
2048,5577,2048,16777216,2,95,2259.8608,2259.8369,589.9769,1666.0903,0,0.000000,0.737254,,,1,96
